Id_hp,Nama_hp,Brand,Harga,Ram,Memori_internal,Ukuran_layar,Resolusi_kamera,Kapasitas_baterai,Os,Rating_pengguna,Tahun_rilis,Stok_tersedia,Label
1,Apple Max 10,Apple,15015201,12,256,5.5,48MP,4000,iOS,2.4,7/14/1905,True,Daily
2,Apple Max 11,Apple,18727456,4,512,6.1,108MP,5000,iOS,4.4,9/15/2020,False,Photographer
3,Apple Max 14,Apple,6526745,16,128,6.8,108MP,4000,iOS,4.1,1/15/2024,True,Photographer
4,Apple Max 16,Apple,13673821,16,256,6.1,12MP,4000,iOS,4.6,1/16/2024,True,Daily
5,Apple Max 16,Apple,14212345,4,256,6.5,12MP,4500,iOS,4.4,11/27/2019,True,Daily
6,Apple Max 16,Apple,2295326,12,64,6.8,108MP,6000,iOS,5.0,2023-10-07 00:00:00,False,Gaming
7,Apple Max 18,Apple,10540534,6,256,6.8,48MP,4000,iOS,3.6,8/27/2023,False,Daily
8,Apple Max 20,Apple,22889361,16,256,5.5,64MP,4000,iOS,3.7,5/31/2022,True,Photographer
9,Apple Max 22,Apple,5677986,12,256,6.1,12MP,4500,iOS,3.4,2020-11-04 00:00:00,True,Daily
10,Apple Max 22,Apple,5102004,12,512,6.7,108MP,6000,iOS,3.0,8/28/2020,False,Gaming
11,Apple Max 22,Apple,13155180,4,256,6.7,50MP,4000,iOS,1.7,2021-04-08 00:00:00,False,Photographer
12,Apple Max 24,Apple,2427121,12,128,6.1,108MP,4500,iOS,1.7,11/28/2020,True,Photographer
13,Apple Max 25,Apple,5585970,8,512,6.7,48MP,6000,iOS,4.0,5/19/2022,True,Daily
14,Apple Max 26,Apple,15409424,6,256,6.8,12MP,4000,iOS,4.2,4/14/2020,False,Daily
15,Apple Max 26,Apple,8469482,16,256,5.5,50MP,4500,iOS,1.5,2020-10-02 00:00:00,False,Gaming
16,Apple Max 26,Apple,4084823,8,512,6.5,64MP,4000,iOS,3.0,2020-05-09 00:00:00,True,Photographer
17,Apple Max 27,Apple,14366350,16,64,6.1,48MP,4000,iOS,2.3,2021-04-03 00:00:00,False,Daily
18,Apple Max 28,Apple,1825074,6,64,6.1,108MP,6000,iOS,1.7,11/28/2022,False,Photographer
19,Apple Max 28,Apple,8449640,6,128,5.5,12MP,4000,iOS,3.3,12/16/2023,True,Daily
20,Apple Max 29,Apple,3402718,4,128,6.7,12MP,6000,iOS,1.6,2019-02-01 00:00:00,True,Daily
21,Apple Max 30,Apple,10411362,6,256,5.5,48MP,4000,iOS,2.8,8/24/2019,False,Daily
22,Apple Max 5,Apple,15442469,16,256,5.5,64MP,4000,iOS,4.4,5/31/2020,False,Photographer
23,Apple Max 5,Apple,17123941,16,128,6.4,50MP,4000,iOS,4.8,2019-12-11 00:00:00,True,Photographer
24,Apple Max 5,Apple,20254986,6,128,6.1,50MP,4500,iOS,1.4,2/18/2021,False,Daily
25,Apple Max 5,Apple,9280860,6,256,6.8,50MP,4500,iOS,1.5,2023-06-06 00:00:00,True,Photographer
26,Apple Max 5,Apple,9555500,12,256,6.8,48MP,6000,iOS,4.8,2019-03-03 00:00:00,True,Gaming
27,Apple Max 9,Apple,12141033,6,256,6.5,50MP,4000,iOS,2.5,12/29/2022,False,Photographer
28,Apple Max 9,Apple,5883702,12,512,6.5,48MP,4000,iOS,2.1,2023-04-04 00:00:00,False,Daily
29,Apple Note 10,Apple,20053217,4,128,5.5,12MP,6000,iOS,1.2,12/20/2019,True,Daily
30,Apple Note 11,Apple,21383588,6,256,6.8,12MP,5000,iOS,3.2,2023-08-04 00:00:00,True,Daily
31,Apple Note 12,Apple,10016953,12,512,6.5,48MP,6000,iOS,4.9,9/30/2019,False,Gaming
32,Apple Note 12,Apple,11403512,4,128,6.7,50MP,4500,iOS,1.2,4/21/2021,False,Photographer
33,Apple Note 13,Apple,2227853,8,512,6.7,108MP,4500,iOS,4.6,10/27/2020,False,Photographer
34,Apple Note 17,Apple,21438073,12,64,6.1,64MP,6000,iOS,1.2,12/27/2020,False,Photographer
35,Apple Note 17,Apple,3170962,16,512,6.5,12MP,4000,iOS,2.6,2024-08-02 00:00:00,True,Daily
36,Apple Note 17,Apple,18937176,12,512,6.7,64MP,6000,iOS,2.6,2023-10-12 00:00:00,False,Gaming
37,Apple Note 18,Apple,7876796,16,512,6.8,12MP,5000,iOS,1.9,8/16/2020,True,Gaming
38,Apple Note 19,Apple,20594805,12,64,6.4,108MP,4000,iOS,1.5,2024-09-03 00:00:00,False,Photographer
39,Apple Note 21,Apple,15024026,16,128,6.7,64MP,5000,iOS,3.3,4/18/2023,False,Gaming
40,Apple Note 21,Apple,19425846,6,64,6.4,48MP,4500,iOS,1.6,11/28/2022,True,Daily
41,Apple Note 23,Apple,24700285,6,64,6.8,12MP,4500,iOS,4.1,9/16/2021,False,Daily
42,Apple Note 23,Apple,24469837,8,64,6.1,50MP,4500,iOS,3.2,2022-05-07 00:00:00,True,Daily
43,Apple Note 27,Apple,16924171,16,128,6.1,108MP,4000,iOS,2.0,2019-09-01 00:00:00,False,Photographer
44,Apple Note 30,Apple,9539529,16,512,6.5,12MP,6000,iOS,4.1,2021-12-04 00:00:00,True,Gaming
45,Apple Note 30,Apple,13864284,4,512,6.8,108MP,4500,iOS,1.6,10/13/2021,True,Photographer
46,Apple Note 5,Apple,8106752,16,256,6.5,50MP,4000,iOS,3.4,2/19/2021,False,Photographer
47,Apple Note 6,Apple,7653125,4,128,6.5,108MP,5000,iOS,2.5,1/20/2023,True,Photographer
48,Apple Note 9,Apple,23125022,16,64,6.5,108MP,4000,iOS,2.1,2021-05-07 00:00:00,False,Photographer
49,Apple Pro 10,Apple,6667904,4,128,6.5,48MP,4000,iOS,3.4,2/29/2024,False,Daily
50,Apple Pro 11,Apple,10444980,4,64,6.8,48MP,4500,iOS,2.3,3/19/2022,False,Daily
51,Apple Pro 15,Apple,3112708,4,256,6.1,64MP,6000,iOS,4.4,9/16/2019,True,Photographer
52,Apple Pro 16,Apple,4620844,4,512,6.7,48MP,4000,iOS,1.5,2022-11-01 00:00:00,True,Daily
53,Apple Pro 16,Apple,23054554,8,512,6.1,12MP,5000,iOS,2.6,12/23/2020,True,Daily
54,Apple Pro 18,Apple,8625080,12,256,6.4,108MP,6000,iOS,1.5,2023-02-09 00:00:00,True,Photographer
55,Apple Pro 20,Apple,22908533,6,256,6.1,108MP,6000,iOS,3.3,3/22/2021,False,Photographer
56,Apple Pro 21,Apple,8139005,6,512,5.5,64MP,5000,iOS,1.6,2023-11-02 00:00:00,False,Photographer
57,Apple Pro 23,Apple,4023723,4,64,6.8,108MP,6000,iOS,2.7,3/16/2021,False,Photographer
58,Apple Pro 23,Apple,21233299,12,128,6.4,108MP,4000,iOS,3.3,12/30/2020,False,Photographer
59,Apple Pro 23,Apple,24970582,12,256,6.7,108MP,4000,iOS,3.4,12/20/2019,True,Photographer
60,Apple Pro 24,Apple,4981548,4,256,6.4,50MP,4000,iOS,4.9,12/26/2023,False,Photographer
61,Apple Pro 26,Apple,23786395,6,512,6.7,64MP,4000,iOS,4.2,4/30/2019,False,Photographer
62,Apple Pro 26,Apple,7115864,4,512,6.5,48MP,6000,iOS,1.5,1/20/2021,False,Daily
63,Apple Pro 26,Apple,15426385,4,512,6.4,108MP,6000,iOS,2.5,2019-07-02 00:00:00,True,Photographer
64,Apple Pro 26,Apple,12127511,12,512,6.4,12MP,6000,iOS,2.9,2019-10-03 00:00:00,True,Daily
65,Apple Pro 28,Apple,16091014,12,256,6.8,108MP,5000,iOS,3.7,3/22/2023,True,Gaming
66,Apple Pro 29,Apple,20266284,12,128,6.8,108MP,6000,iOS,1.3,2019-07-03 00:00:00,False,Gaming
67,Apple Pro 29,Apple,6096770,6,512,6.5,64MP,4000,iOS,1.7,6/23/2022,False,Photographer
68,Apple Pro 30,Apple,11798468,6,512,6.5,50MP,6000,iOS,2.6,2024-03-03 00:00:00,True,Photographer
69,Apple Pro 6,Apple,23381908,8,256,6.4,48MP,4000,iOS,4.0,11/25/2020,True,Daily
70,Apple Pro 7,Apple,10794912,6,128,5.5,108MP,6000,iOS,1.9,6/22/2020,True,Photographer
71,Apple Ultra 10,Apple,14193353,16,512,6.8,48MP,4000,iOS,3.2,2021-03-02 00:00:00,False,Daily
72,Apple Ultra 10,Apple,13824991,12,256,6.4,12MP,5000,iOS,3.5,5/17/2022,False,Daily
73,Apple Ultra 11,Apple,6943201,8,128,6.1,64MP,6000,iOS,2.0,3/13/2022,False,Photographer
74,Apple Ultra 12,Apple,1640837,8,256,6.1,108MP,5000,iOS,3.0,2021-07-07 00:00:00,True,Photographer
75,Apple Ultra 12,Apple,3955206,6,64,6.1,108MP,5000,iOS,2.5,2023-12-07 00:00:00,False,Photographer
76,Apple Ultra 13,Apple,11449582,4,64,6.7,12MP,5000,iOS,1.8,2022-06-05 00:00:00,True,Daily
77,Apple Ultra 14,Apple,12717545,4,64,6.1,64MP,6000,iOS,2.3,7/21/2019,True,Photographer
78,Apple Ultra 14,Apple,20525361,16,256,5.5,48MP,6000,iOS,3.6,1/29/2022,False,Gaming
79,Apple Ultra 17,Apple,5641772,6,64,6.7,48MP,6000,iOS,4.2,3/25/2020,False,Daily
80,Apple Ultra 17,Apple,3195589,12,64,6.7,108MP,4500,iOS,4.5,2019-07-09 00:00:00,False,Photographer
81,Apple Ultra 18,Apple,17844033,6,64,6.8,12MP,5000,iOS,1.3,1/14/2023,True,Daily
82,Apple Ultra 18,Apple,14163933,4,128,6.1,108MP,5000,iOS,4.5,1/21/2024,False,Photographer
83,Apple Ultra 18,Apple,7495284,12,256,6.1,108MP,4500,iOS,4.4,2019-11-11 00:00:00,False,Photographer
84,Apple Ultra 19,Apple,18328430,6,64,5.5,108MP,6000,iOS,1.9,2024-12-04 00:00:00,False,Photographer
85,Apple Ultra 19,Apple,16876410,12,512,6.5,12MP,4000,iOS,1.7,7/30/2023,True,Daily
86,Apple Ultra 19,Apple,6072521,8,64,6.5,48MP,5000,iOS,3.0,5/24/2024,False,Daily
87,Apple Ultra 20,Apple,4937180,4,64,6.5,48MP,4000,iOS,2.8,2/20/2020,False,Daily
88,Apple Ultra 25,Apple,10282576,6,512,6.8,48MP,4500,iOS,2.0,2022-06-04 00:00:00,True,Daily
89,Apple Ultra 25,Apple,23567108,12,512,5.5,108MP,4500,iOS,4.5,2019-04-12 00:00:00,False,Photographer
90,Apple Ultra 25,Apple,18749053,12,256,5.5,108MP,6000,iOS,4.2,9/27/2019,False,Photographer
91,Apple Ultra 27,Apple,8204432,16,512,6.7,12MP,5000,iOS,1.9,10/29/2020,False,Gaming
92,Apple Ultra 27,Apple,6860716,16,256,6.1,108MP,4500,iOS,1.3,2/24/2024,False,Photographer
93,Apple Ultra 28,Apple,21198658,8,64,6.4,12MP,4500,iOS,1.3,10/26/2019,True,Daily
94,Apple Ultra 6,Apple,2908243,12,256,5.5,12MP,4000,iOS,3.6,5/23/2024,True,Daily
95,Apple Ultra 8,Apple,19208177,4,512,6.8,64MP,6000,iOS,2.5,2/28/2024,False,Photographer
96,Apple Ultra 9,Apple,19607857,8,256,5.5,64MP,5000,iOS,2.2,2/24/2020,True,Photographer
97,Asus Max 10,Asus,8958779,6,256,5.5,50MP,5000,Android,2.7,2020-09-05 00:00:00,False,Daily
98,Asus Max 10,Asus,3889741,12,512,6.1,48MP,5000,Android,3.2,5/27/2022,True,Daily
99,Asus Max 13,Asus,19945806,8,256,6.4,108MP,4000,Android,1.1,2023-11-12 00:00:00,True,Photographer
100,Asus Max 13,Asus,8002176,6,128,6.7,108MP,4000,Android,4.0,9/14/2019,True,Photographer
101,Asus Max 14,Asus,24416327,8,128,6.4,108MP,4500,Android,1.3,8/25/2021,True,Photographer
102,Asus Max 14,Asus,20561462,12,512,6.5,64MP,4000,Android,4.3,2/18/2024,False,Photographer
103,Asus Max 14,Asus,7832381,12,512,6.4,108MP,5000,Android,2.7,2/16/2023,False,Photographer
104,Asus Max 15,Asus,11140337,16,512,6.5,12MP,4000,Android,4.2,8/21/2022,False,Daily
105,Asus Max 17,Asus,7322020,16,256,6.7,108MP,4500,Android,3.3,2022-12-12 00:00:00,True,Photographer
106,Asus Max 17,Asus,8868509,4,512,6.4,48MP,4500,Android,2.1,7/19/2023,True,Daily
107,Asus Max 18,Asus,6433219,4,512,6.7,50MP,4000,Android,2.3,2023-01-05 00:00:00,True,Photographer
108,Asus Max 20,Asus,24582307,6,128,6.5,12MP,4500,Android,1.1,2020-08-12 00:00:00,False,Daily
109,Asus Max 21,Asus,16332991,8,512,5.5,64MP,6000,Android,3.7,2023-05-04 00:00:00,False,Photographer
110,Asus Max 23,Asus,18395227,4,128,6.4,12MP,5000,Android,3.3,3/19/2020,False,Daily
111,Asus Max 23,Asus,15531434,4,512,6.8,50MP,5000,Android,2.5,2/28/2020,True,Photographer
112,Asus Max 24,Asus,6967591,16,512,6.1,108MP,6000,Android,2.9,2020-10-07 00:00:00,False,Photographer
113,Asus Max 26,Asus,17959493,4,256,6.4,50MP,5000,Android,2.2,2022-07-02 00:00:00,False,Photographer
114,Asus Max 28,Asus,17543754,12,64,6.4,12MP,4000,Android,1.0,2020-02-02 00:00:00,True,Daily
115,Asus Max 29,Asus,10698492,16,512,6.7,50MP,5000,Android,2.2,3/27/2024,True,Gaming
116,Asus Max 29,Asus,4333907,12,64,6.5,50MP,5000,Android,2.0,5/24/2023,True,Gaming
117,Asus Max 30,Asus,17589896,6,64,6.7,48MP,4500,Android,4.5,4/28/2024,False,Daily
118,Asus Max 30,Asus,7866160,8,512,6.4,12MP,4500,Android,3.8,2020-11-08 00:00:00,False,Daily
119,Asus Max 5,Asus,19179698,12,256,6.4,50MP,5000,Android,1.3,2024-02-04 00:00:00,False,Photographer
120,Asus Max 6,Asus,14180257,8,256,6.4,50MP,4500,Android,3.7,2019-03-11 00:00:00,True,Photographer
121,Asus Max 7,Asus,16258773,4,64,6.1,12MP,6000,Android,2.9,2024-08-05 00:00:00,True,Daily
122,Asus Max 8,Asus,10383320,16,256,6.8,50MP,5000,Android,4.4,5/22/2020,True,Gaming
123,Asus Max 8,Asus,6152007,8,64,6.8,48MP,6000,Android,4.4,8/22/2023,True,Daily
124,Asus Max 9,Asus,22902608,16,256,6.1,64MP,4000,Android,2.9,2021-02-05 00:00:00,False,Photographer
125,Asus Max 9,Asus,20334530,6,512,6.4,50MP,5000,Android,4.9,2019-10-02 00:00:00,False,Photographer
126,Asus Max 9,Asus,4438166,12,128,5.5,12MP,6000,Android,3.3,5/17/2023,False,Daily
127,Asus Max 9,Asus,8838953,16,128,6.4,48MP,4500,Android,1.4,5/21/2020,False,Gaming
128,Asus Note 11,Asus,22055924,6,64,6.1,108MP,4500,Android,1.8,2022-02-08 00:00:00,True,Photographer
129,Asus Note 12,Asus,7273202,4,64,6.1,50MP,4000,Android,1.5,6/13/2023,True,Daily
130,Asus Note 12,Asus,4655928,16,128,6.5,12MP,4500,Android,4.1,2023-11-05 00:00:00,False,Gaming
131,Asus Note 13,Asus,23768423,8,64,5.5,50MP,4000,Android,2.5,2020-07-10 00:00:00,True,Daily
132,Asus Note 14,Asus,13563255,8,256,6.1,64MP,4500,Android,4.6,10/23/2022,True,Photographer
133,Asus Note 14,Asus,11846718,6,128,6.4,64MP,4000,Android,4.9,7/22/2020,True,Photographer
134,Asus Note 15,Asus,8042556,16,256,6.1,108MP,4000,Android,4.4,2022-11-10 00:00:00,True,Photographer
135,Asus Note 16,Asus,2387778,4,256,6.1,50MP,4500,Android,3.3,4/20/2020,True,Daily
136,Asus Note 16,Asus,17504991,4,64,5.5,50MP,5000,Android,1.3,6/15/2019,False,Daily
137,Asus Note 17,Asus,13228493,16,64,5.5,12MP,4000,Android,2.1,7/22/2023,True,Daily
138,Asus Note 18,Asus,19703490,16,64,6.8,12MP,4500,Android,4.3,5/14/2020,False,Gaming
139,Asus Note 19,Asus,21723060,6,128,6.8,64MP,6000,Android,2.9,10/18/2021,False,Photographer
140,Asus Note 19,Asus,7128044,12,64,5.5,108MP,6000,Android,1.2,2020-10-12 00:00:00,True,Photographer
141,Asus Note 21,Asus,16614117,6,256,6.1,50MP,4500,Android,3.0,11/24/2022,True,Daily
142,Asus Note 23,Asus,13093582,16,256,6.5,12MP,4000,Android,2.8,9/16/2023,True,Daily
143,Asus Note 23,Asus,6674769,12,128,6.5,108MP,5000,Android,3.5,9/25/2022,False,Gaming
144,Asus Note 24,Asus,10813650,12,128,6.4,12MP,5000,Android,3.9,2021-11-03 00:00:00,True,Daily
145,Asus Note 25,Asus,12357707,8,256,6.7,48MP,4000,Android,1.2,8/23/2020,True,Daily
146,Asus Note 27,Asus,7344103,8,256,6.1,50MP,5000,Android,1.9,2/17/2019,False,Daily
147,Asus Note 28,Asus,11213849,16,512,5.5,64MP,4500,Android,2.4,3/24/2020,False,Photographer
148,Asus Note 30,Asus,18481957,12,512,6.5,108MP,5000,Android,4.1,7/19/2021,True,Gaming
149,Asus Note 6,Asus,15160268,8,64,6.7,12MP,5000,Android,4.6,2019-01-05 00:00:00,True,Daily
150,Asus Note 6,Asus,15515142,8,512,6.8,50MP,4500,Android,3.2,5/19/2021,True,Photographer
151,Asus Note 7,Asus,17642366,6,512,6.8,108MP,5000,Android,4.3,12/31/2022,True,Photographer
152,Asus Note 9,Asus,10226485,8,256,5.5,108MP,5000,Android,4.5,8/18/2019,True,Photographer
153,Asus Pro 10,Asus,8909174,12,64,6.5,48MP,5000,Android,3.9,7/29/2021,True,Gaming
154,Asus Pro 10,Asus,11180445,6,128,5.5,48MP,4000,Android,1.6,2020-08-08 00:00:00,True,Daily
155,Asus Pro 11,Asus,17343299,4,128,6.7,64MP,4000,Android,1.1,2019-02-11 00:00:00,False,Photographer
156,Asus Pro 12,Asus,2191706,6,64,6.1,64MP,4500,Android,4.3,1/29/2020,True,Photographer
157,Asus Pro 13,Asus,15527658,4,64,6.1,48MP,4500,Android,1.6,10/21/2021,False,Daily
158,Asus Pro 16,Asus,14809339,12,256,6.4,12MP,6000,Android,4.9,2/15/2023,True,Daily
159,Asus Pro 17,Asus,2655950,12,256,6.7,12MP,6000,Android,4.4,2023-10-09 00:00:00,True,Gaming
160,Asus Pro 18,Asus,21469645,4,512,6.5,108MP,6000,Android,3.2,4/27/2023,False,Photographer
161,Asus Pro 18,Asus,14964658,12,512,6.1,48MP,5000,Android,1.5,2021-06-11 00:00:00,True,Daily
162,Asus Pro 18,Asus,6413894,8,512,6.4,108MP,5000,Android,3.1,6/28/2023,False,Photographer
163,Asus Pro 19,Asus,9894258,16,64,5.5,64MP,6000,Android,4.8,3/20/2022,False,Photographer
164,Asus Pro 19,Asus,19300084,16,64,6.1,12MP,6000,Android,1.6,2020-01-05 00:00:00,False,Gaming
165,Asus Pro 19,Asus,10332412,12,256,6.1,50MP,4500,Android,1.1,1/14/2020,True,Daily
166,Asus Pro 19,Asus,24424506,6,256,6.8,50MP,6000,Android,1.6,3/24/2019,False,Photographer
167,Asus Pro 19,Asus,6296609,4,64,6.1,108MP,4000,Android,1.8,2024-04-04 00:00:00,False,Photographer
168,Asus Pro 21,Asus,12660513,6,64,5.5,64MP,4500,Android,1.3,10/21/2021,True,Photographer
169,Asus Pro 22,Asus,20573424,8,128,6.1,50MP,4500,Android,3.9,5/30/2019,False,Daily
170,Asus Pro 22,Asus,16569886,6,512,6.1,64MP,5000,Android,5.0,1/24/2023,True,Photographer
171,Asus Pro 23,Asus,11669763,12,64,6.7,48MP,6000,Android,3.6,2023-03-09 00:00:00,True,Gaming
172,Asus Pro 24,Asus,14716471,16,128,6.8,12MP,4000,Android,1.0,2023-04-11 00:00:00,False,Daily
173,Asus Pro 25,Asus,2613823,8,256,6.1,108MP,5000,Android,3.3,1/25/2021,False,Photographer
174,Asus Pro 25,Asus,9298992,8,128,6.4,108MP,5000,Android,2.3,2021-03-12 00:00:00,False,Photographer
175,Asus Pro 27,Asus,16955640,8,512,6.1,48MP,4000,Android,1.0,2024-01-01 00:00:00,True,Daily
176,Asus Pro 30,Asus,3597207,6,256,6.1,12MP,4000,Android,3.8,8/22/2023,False,Daily
177,Asus Pro 30,Asus,22662403,12,256,6.7,50MP,4500,Android,3.8,2024-03-05 00:00:00,True,Photographer
178,Asus Pro 5,Asus,12877788,8,256,6.7,108MP,4500,Android,4.5,9/13/2022,True,Photographer
179,Asus Pro 5,Asus,4156483,6,256,6.4,48MP,4500,Android,2.6,2023-02-08 00:00:00,False,Daily
180,Asus Pro 6,Asus,22621182,8,512,6.8,50MP,4000,Android,1.0,2019-12-07 00:00:00,True,Photographer
181,Asus Pro 6,Asus,3822569,8,128,5.5,50MP,6000,Android,3.3,3/20/2021,False,Daily
182,Asus Pro 7,Asus,9436982,4,256,6.4,64MP,5000,Android,4.7,1/23/2020,True,Photographer
183,Asus Pro 8,Asus,22902837,6,256,6.1,50MP,4000,Android,2.3,3/22/2022,False,Daily
184,Asus Pro 9,Asus,1916622,12,256,6.8,50MP,4500,Android,2.9,7/29/2022,False,Photographer
185,Asus Ultra 11,Asus,23911297,12,128,5.5,48MP,4500,Android,3.1,2021-03-10 00:00:00,True,Daily
186,Asus Ultra 11,Asus,18559606,4,512,6.1,108MP,4000,Android,3.7,8/18/2021,True,Photographer
187,Asus Ultra 12,Asus,16498244,16,64,5.5,50MP,4000,Android,4.9,9/30/2023,True,Daily
188,Asus Ultra 12,Asus,18444839,4,512,6.4,64MP,4000,Android,4.7,1/23/2023,False,Photographer
189,Asus Ultra 14,Asus,11840477,4,64,6.8,12MP,6000,Android,2.3,2023-08-04 00:00:00,False,Daily
190,Asus Ultra 15,Asus,9837235,16,256,6.8,108MP,6000,Android,2.9,11/16/2022,True,Gaming
191,Asus Ultra 15,Asus,16493217,6,256,6.1,64MP,4500,Android,3.8,2019-10-03 00:00:00,False,Photographer
192,Asus Ultra 16,Asus,4320043,4,512,6.8,12MP,4000,Android,4.6,2/22/2020,False,Daily
193,Asus Ultra 16,Asus,14889490,4,256,6.5,12MP,6000,Android,2.6,12/31/2021,True,Daily
194,Asus Ultra 16,Asus,3844843,4,256,6.7,108MP,5000,Android,1.6,1/30/2021,True,Photographer
195,Asus Ultra 17,Asus,13673909,8,128,6.1,64MP,4000,Android,3.4,9/25/2019,False,Photographer
196,Asus Ultra 17,Asus,2308865,16,128,5.5,108MP,4000,Android,1.7,6/23/2024,False,Photographer
197,Asus Ultra 18,Asus,10306152,6,64,6.7,108MP,4000,Android,2.0,8/28/2020,False,Photographer
198,Asus Ultra 19,Asus,3615265,8,256,5.5,64MP,5000,Android,2.8,2021-06-02 00:00:00,False,Photographer
199,Asus Ultra 19,Asus,15792442,12,256,6.1,12MP,4000,Android,1.6,5/18/2019,True,Daily
200,Asus Ultra 20,Asus,5657669,12,256,6.1,64MP,4000,Android,4.4,2020-08-01 00:00:00,True,Photographer
201,Asus Ultra 23,Asus,19774766,6,128,6.7,48MP,4000,Android,4.7,2024-12-03 00:00:00,False,Daily
202,Asus Ultra 25,Asus,24196492,8,128,6.4,50MP,5000,Android,4.8,2/14/2022,False,Photographer
203,Asus Ultra 26,Asus,2757041,16,512,6.5,50MP,5000,Android,4.7,4/22/2022,False,Gaming
204,Asus Ultra 27,Asus,15530082,16,256,6.1,108MP,4000,Android,2.8,12/30/2022,False,Photographer
205,Asus Ultra 28,Asus,13922313,4,256,6.7,108MP,5000,Android,2.8,2019-05-06 00:00:00,True,Photographer
206,Asus Ultra 28,Asus,21095525,12,64,6.1,108MP,5000,Android,1.4,9/29/2021,False,Photographer
207,Asus Ultra 29,Asus,11572748,6,128,6.4,12MP,4000,Android,1.7,11/18/2020,False,Daily
208,Asus Ultra 30,Asus,5323457,6,256,6.5,108MP,5000,Android,1.9,2020-12-09 00:00:00,True,Photographer
209,Asus Ultra 6,Asus,14913761,4,128,6.8,108MP,6000,Android,3.3,2021-11-09 00:00:00,False,Photographer
210,Asus Ultra 7,Asus,16742071,16,256,6.7,50MP,4500,Android,3.2,6/20/2019,True,Gaming
211,Asus Ultra 7,Asus,2978905,16,256,6.4,108MP,4500,Android,4.7,2022-11-04 00:00:00,True,Photographer
212,Asus Ultra 7,Asus,12949223,6,128,6.7,12MP,6000,Android,4.3,2020-11-05 00:00:00,False,Daily
213,Asus Ultra 8,Asus,9950866,12,256,6.4,12MP,5000,Android,2.4,11/27/2023,False,Daily
214,Asus Ultra 9,Asus,10129005,12,256,6.4,48MP,4500,Android,4.1,1/16/2022,True,Daily
215,Huawei Max 10,Huawei,14677856,8,128,6.1,48MP,4000,Android,1.0,6/24/2023,True,Daily
216,Huawei Max 13,Huawei,6737009,12,128,5.5,108MP,4000,Android,3.2,5/22/2024,True,Photographer
217,Huawei Max 13,Huawei,8398506,12,64,6.4,48MP,4000,Android,1.4,2020-02-11 00:00:00,False,Daily
218,Huawei Max 14,Huawei,7550312,16,128,6.8,50MP,4500,Android,1.3,1/16/2023,True,Gaming
219,Huawei Max 14,Huawei,12940396,12,256,6.1,48MP,4000,Android,4.5,5/30/2020,False,Daily
220,Huawei Max 15,Huawei,5023372,6,512,6.1,50MP,5000,Android,4.4,9/30/2021,True,Daily
221,Huawei Max 15,Huawei,18325530,4,256,6.5,50MP,4000,Android,1.5,6/28/2021,True,Photographer
222,Huawei Max 16,Huawei,8163221,4,256,6.7,64MP,6000,Android,2.5,8/14/2023,True,Photographer
223,Huawei Max 17,Huawei,11114640,16,512,6.8,48MP,5000,Android,2.6,7/27/2020,True,Gaming
224,Huawei Max 18,Huawei,6301481,8,256,6.1,50MP,5000,Android,3.0,12/23/2023,False,Daily
225,Huawei Max 19,Huawei,8127814,16,256,6.1,50MP,6000,Android,2.8,2019-11-03 00:00:00,False,Gaming
226,Huawei Max 20,Huawei,10777097,4,512,5.5,108MP,4500,Android,1.6,2023-04-12 00:00:00,False,Photographer
227,Huawei Max 23,Huawei,10368952,4,64,6.1,108MP,4500,Android,3.7,2/27/2020,False,Photographer
228,Huawei Max 24,Huawei,3352934,4,128,5.5,12MP,6000,Android,3.0,2019-08-10 00:00:00,True,Daily
229,Huawei Max 24,Huawei,19250657,4,128,6.8,64MP,4500,Android,3.5,11/15/2020,False,Photographer
230,Huawei Max 25,Huawei,5716377,12,512,6.5,12MP,5000,Android,4.0,5/28/2023,False,Gaming
231,Huawei Max 25,Huawei,19022486,8,512,5.5,48MP,4500,Android,2.1,2023-03-09 00:00:00,True,Daily
232,Huawei Max 26,Huawei,8428596,12,64,6.1,108MP,4000,Android,2.3,4/17/2024,False,Photographer
233,Huawei Max 27,Huawei,21976797,4,64,6.7,64MP,6000,Android,1.9,8/13/2023,False,Photographer
234,Huawei Max 27,Huawei,16040201,8,128,6.7,64MP,5000,Android,3.2,10/31/2019,True,Photographer
235,Huawei Max 29,Huawei,23834216,4,128,6.8,64MP,6000,Android,1.2,12/15/2019,False,Photographer
236,Huawei Max 30,Huawei,4640930,6,64,6.4,48MP,6000,Android,1.6,5/16/2020,False,Daily
237,Huawei Max 5,Huawei,19533545,16,512,6.8,48MP,4500,Android,3.3,12/27/2023,True,Gaming
238,Huawei Max 5,Huawei,14935101,8,512,6.7,64MP,6000,Android,1.3,11/26/2022,True,Photographer
239,Huawei Max 5,Huawei,24023664,4,512,6.5,108MP,4000,Android,2.9,8/29/2021,True,Photographer
240,Huawei Max 6,Huawei,4136130,8,512,6.8,108MP,4000,Android,4.2,2/14/2024,True,Photographer
241,Huawei Max 6,Huawei,12924483,12,256,6.4,50MP,4500,Android,3.5,9/30/2019,False,Photographer
242,Huawei Max 7,Huawei,5892151,8,128,6.1,64MP,6000,Android,3.0,2019-09-12 00:00:00,False,Photographer
243,Huawei Max 8,Huawei,23542315,4,512,6.8,48MP,4000,Android,1.9,7/25/2023,True,Daily
244,Huawei Max 9,Huawei,17697430,6,128,6.1,12MP,4500,Android,3.0,6/24/2023,False,Daily
245,Huawei Note 20,Huawei,8102610,4,64,6.8,108MP,5000,Android,4.2,7/13/2019,False,Photographer
246,Huawei Note 20,Huawei,23465181,4,512,6.5,50MP,4500,Android,3.5,5/31/2021,True,Photographer
247,Huawei Note 22,Huawei,9153014,4,256,6.4,50MP,5000,Android,3.1,2020-09-07 00:00:00,False,Photographer
248,Huawei Note 24,Huawei,17007389,8,64,6.1,64MP,5000,Android,3.4,2/20/2022,False,Photographer
249,Huawei Note 24,Huawei,11222637,6,64,6.4,50MP,4000,Android,2.8,2023-08-07 00:00:00,True,Photographer
250,Huawei Note 24,Huawei,11670588,4,64,5.5,64MP,4500,Android,3.0,2021-08-11 00:00:00,False,Photographer
251,Huawei Note 25,Huawei,5633706,8,64,6.1,108MP,4000,Android,4.1,2019-06-05 00:00:00,True,Photographer
252,Huawei Note 26,Huawei,10663808,8,512,6.1,50MP,5000,Android,1.3,1/20/2019,False,Daily
253,Huawei Note 26,Huawei,9695857,12,64,6.4,108MP,4500,Android,5.0,4/27/2020,False,Photographer
254,Huawei Note 30,Huawei,9550982,12,512,6.1,64MP,6000,Android,3.4,7/13/2019,True,Photographer
255,Huawei Note 6,Huawei,13416884,8,512,6.8,12MP,5000,Android,4.4,10/21/2019,False,Daily
256,Huawei Note 6,Huawei,8413470,8,128,6.4,50MP,4000,Android,4.5,8/17/2021,True,Photographer
257,Huawei Note 7,Huawei,24605267,12,512,6.7,48MP,4000,Android,2.5,2/27/2020,True,Daily
258,Huawei Note 7,Huawei,13281586,4,64,6.7,64MP,5000,Android,1.4,2019-10-04 00:00:00,True,Photographer
259,Huawei Note 7,Huawei,11475670,12,64,6.8,12MP,5000,Android,2.8,2019-09-03 00:00:00,False,Gaming
260,Huawei Note 7,Huawei,17990750,12,128,6.1,12MP,5000,Android,2.3,2022-09-04 00:00:00,False,Daily
261,Huawei Note 7,Huawei,16259933,8,128,5.5,108MP,4000,Android,1.9,2/26/2024,False,Photographer
262,Huawei Note 8,Huawei,15897943,8,64,6.1,48MP,5000,Android,2.0,2019-05-05 00:00:00,False,Daily
263,Huawei Pro 10,Huawei,18842212,16,512,6.4,108MP,4500,Android,3.7,3/29/2020,True,Photographer
264,Huawei Pro 11,Huawei,16078461,8,64,5.5,50MP,5000,Android,3.6,7/16/2020,False,Daily
265,Huawei Pro 12,Huawei,14997570,12,128,5.5,108MP,4000,Android,1.2,2020-04-01 00:00:00,True,Photographer
266,Huawei Pro 13,Huawei,24706786,8,128,5.5,64MP,5000,Android,4.2,11/18/2022,True,Photographer
267,Huawei Pro 13,Huawei,6150275,4,512,6.8,108MP,6000,Android,5.0,2019-11-03 00:00:00,True,Photographer
268,Huawei Pro 14,Huawei,23717442,12,256,6.8,48MP,5000,Android,1.1,8/20/2019,True,Gaming
269,Huawei Pro 16,Huawei,21711718,16,512,6.8,12MP,4000,Android,3.0,4/26/2020,False,Daily
270,Huawei Pro 16,Huawei,4610357,4,256,5.5,48MP,4000,Android,4.2,5/15/2022,True,Daily
271,Huawei Pro 19,Huawei,15725526,8,64,6.7,50MP,6000,Android,4.8,7/31/2021,False,Photographer
272,Huawei Pro 19,Huawei,13092674,8,128,6.1,64MP,4000,Android,4.2,2022-10-12 00:00:00,True,Photographer
273,Huawei Pro 19,Huawei,13789732,16,64,6.7,50MP,4000,Android,2.7,2021-05-02 00:00:00,False,Photographer
274,Huawei Pro 19,Huawei,24608863,6,512,6.1,108MP,5000,Android,4.6,2/19/2021,False,Photographer
275,Huawei Pro 20,Huawei,14086194,4,512,6.4,108MP,6000,Android,4.5,2/16/2024,False,Photographer
276,Huawei Pro 20,Huawei,9909906,8,64,6.5,108MP,4000,Android,4.2,2022-04-02 00:00:00,True,Photographer
277,Huawei Pro 21,Huawei,12703835,16,128,6.1,64MP,4000,Android,3.6,2022-12-01 00:00:00,False,Photographer
278,Huawei Pro 21,Huawei,17280571,6,256,5.5,50MP,4000,Android,2.0,11/30/2023,True,Daily
279,Huawei Pro 22,Huawei,16616387,16,128,6.1,50MP,5000,Android,3.8,2019-11-09 00:00:00,False,Gaming
280,Huawei Pro 23,Huawei,14783786,16,256,6.1,108MP,4000,Android,4.0,2022-12-04 00:00:00,False,Photographer
281,Huawei Pro 23,Huawei,22803884,8,128,6.4,48MP,4500,Android,4.0,11/22/2022,False,Daily
282,Huawei Pro 27,Huawei,18105376,16,64,6.7,64MP,4500,Android,4.4,8/14/2020,True,Photographer
283,Huawei Pro 27,Huawei,16507681,4,512,6.5,50MP,6000,Android,2.7,2019-05-11 00:00:00,False,Photographer
284,Huawei Pro 28,Huawei,22900811,6,128,6.1,64MP,4000,Android,4.6,10/29/2023,False,Photographer
285,Huawei Pro 30,Huawei,18012910,8,64,6.8,50MP,5000,Android,2.1,2020-03-06 00:00:00,False,Photographer
286,Huawei Pro 30,Huawei,21656599,4,512,5.5,64MP,4000,Android,1.6,6/20/2021,True,Photographer
287,Huawei Pro 5,Huawei,8902602,8,256,6.4,64MP,5000,Android,3.2,11/21/2023,True,Photographer
288,Huawei Pro 6,Huawei,23220912,12,64,6.1,12MP,4000,Android,4.7,2020-11-05 00:00:00,False,Daily
289,Huawei Pro 7,Huawei,18184691,4,128,5.5,50MP,4500,Android,1.7,2019-03-10 00:00:00,False,Daily
290,Huawei Pro 8,Huawei,2937896,4,64,5.5,48MP,6000,Android,4.9,2019-04-06 00:00:00,True,Daily
291,Huawei Pro 9,Huawei,23363345,4,128,6.5,48MP,5000,Android,3.8,2019-12-09 00:00:00,False,Daily
292,Huawei Ultra 10,Huawei,24681567,8,256,5.5,48MP,6000,Android,3.6,2023-05-06 00:00:00,False,Daily
293,Huawei Ultra 11,Huawei,5634552,16,256,6.7,108MP,5000,Android,3.3,2022-12-04 00:00:00,True,Gaming
294,Huawei Ultra 14,Huawei,3502424,8,512,6.7,48MP,4000,Android,3.8,8/31/2020,False,Daily
295,Huawei Ultra 14,Huawei,13928755,4,256,6.7,108MP,5000,Android,3.6,2022-12-02 00:00:00,False,Photographer
296,Huawei Ultra 17,Huawei,13471498,8,256,6.5,64MP,4000,Android,1.2,2019-10-03 00:00:00,False,Photographer
297,Huawei Ultra 17,Huawei,8323345,16,256,5.5,12MP,4500,Android,3.0,2022-09-06 00:00:00,True,Gaming
298,Huawei Ultra 20,Huawei,14422919,6,256,6.1,108MP,5000,Android,4.6,2020-06-09 00:00:00,True,Photographer
299,Huawei Ultra 20,Huawei,11396306,16,512,6.5,48MP,6000,Android,2.0,3/28/2020,True,Gaming
300,Huawei Ultra 25,Huawei,5482337,8,256,6.4,108MP,6000,Android,1.2,2019-11-08 00:00:00,True,Photographer
301,Huawei Ultra 27,Huawei,20970085,4,64,5.5,12MP,6000,Android,4.0,12/29/2020,False,Daily
302,Huawei Ultra 29,Huawei,18357699,8,256,6.4,64MP,6000,Android,1.4,2019-10-04 00:00:00,True,Photographer
303,Huawei Ultra 29,Huawei,5508696,6,256,6.4,48MP,6000,Android,4.4,2019-01-01 00:00:00,False,Daily
304,Huawei Ultra 29,Huawei,13706799,4,128,6.4,64MP,5000,Android,3.3,2023-12-08 00:00:00,True,Photographer
305,Huawei Ultra 30,Huawei,2172356,12,512,6.8,48MP,4000,Android,1.5,7/18/2019,True,Daily
306,Huawei Ultra 5,Huawei,24856666,6,64,6.4,48MP,5000,Android,3.5,2021-06-01 00:00:00,False,Daily
307,Huawei Ultra 5,Huawei,20517945,16,256,6.5,50MP,5000,Android,4.1,4/30/2021,True,Gaming
308,Huawei Ultra 5,Huawei,6794991,4,512,6.4,48MP,5000,Android,3.5,2022-03-01 00:00:00,False,Daily
309,Huawei Ultra 5,Huawei,8893291,16,128,6.4,50MP,4000,Android,1.3,2023-11-05 00:00:00,False,Photographer
310,Huawei Ultra 6,Huawei,12468185,8,512,6.5,12MP,4500,Android,3.8,2023-10-05 00:00:00,True,Daily
311,Huawei Ultra 7,Huawei,4359689,16,64,6.5,50MP,5000,Android,2.5,7/20/2019,True,Gaming
312,Huawei Ultra 7,Huawei,12296202,12,64,6.1,108MP,6000,Android,2.0,2020-06-10 00:00:00,True,Photographer
313,Huawei Ultra 7,Huawei,2630707,8,256,6.7,50MP,6000,Android,1.1,1/25/2022,False,Photographer
314,Huawei Ultra 9,Huawei,24214496,8,512,6.4,48MP,4000,Android,1.3,4/14/2023,False,Daily
315,Huawei Ultra 9,Huawei,9740349,4,512,6.1,48MP,5000,Android,1.4,3/24/2024,False,Daily
316,Infinix Max 10,Infinix,4771258,6,64,6.8,12MP,4500,Android,3.5,12/22/2022,False,Daily
317,Infinix Max 11,Infinix,6662126,8,128,6.5,48MP,6000,Android,4.4,2023-10-06 00:00:00,False,Daily
318,Infinix Max 11,Infinix,17860488,12,512,6.5,64MP,4500,Android,4.8,2020-07-07 00:00:00,True,Photographer
319,Infinix Max 12,Infinix,24354169,6,256,6.5,12MP,4500,Android,1.5,2019-09-03 00:00:00,False,Daily
320,Infinix Max 12,Infinix,22151604,8,128,6.7,108MP,6000,Android,3.8,12/21/2021,True,Photographer
321,Infinix Max 14,Infinix,1874592,8,128,6.4,108MP,4000,Android,1.8,2019-01-01 00:00:00,True,Photographer
322,Infinix Max 15,Infinix,20759307,6,512,6.4,50MP,4000,Android,2.6,2019-06-03 00:00:00,False,Photographer
323,Infinix Max 15,Infinix,19841054,6,256,6.1,108MP,4000,Android,4.1,2020-11-05 00:00:00,True,Photographer
324,Infinix Max 15,Infinix,16237447,16,64,6.8,12MP,6000,Android,2.0,5/19/2023,False,Gaming
325,Infinix Max 16,Infinix,23234751,8,128,6.8,50MP,5000,Android,3.9,7/29/2021,True,Photographer
326,Infinix Max 18,Infinix,7895681,4,256,6.5,108MP,5000,Android,3.8,2021-10-01 00:00:00,False,Photographer
327,Infinix Max 19,Infinix,20967971,8,128,6.4,50MP,5000,Android,2.5,6/16/2024,False,Photographer
328,Infinix Max 19,Infinix,21229524,16,512,6.4,50MP,6000,Android,4.1,4/14/2023,False,Gaming
329,Infinix Max 20,Infinix,23144184,4,128,5.5,12MP,5000,Android,4.9,8/17/2022,False,Daily
330,Infinix Max 21,Infinix,12208202,12,256,5.5,108MP,6000,Android,2.6,3/13/2023,False,Photographer
331,Infinix Max 24,Infinix,7914301,12,64,6.4,48MP,4500,Android,2.5,12/23/2022,True,Daily
332,Infinix Max 25,Infinix,7479001,4,128,6.1,48MP,5000,Android,3.6,2021-12-01 00:00:00,True,Daily
333,Infinix Max 26,Infinix,10388227,12,256,6.1,64MP,4500,Android,4.5,2019-09-05 00:00:00,True,Photographer
334,Infinix Max 27,Infinix,14974845,8,128,6.1,48MP,4500,Android,4.1,2021-05-01 00:00:00,False,Daily
335,Infinix Max 27,Infinix,21154413,6,64,6.4,12MP,5000,Android,2.1,2/17/2023,False,Daily
336,Infinix Max 27,Infinix,17724975,4,256,5.5,50MP,4000,Android,3.1,5/20/2023,False,Daily
337,Infinix Max 27,Infinix,4221798,6,64,5.5,108MP,4500,Android,4.8,2021-06-04 00:00:00,True,Photographer
338,Infinix Max 27,Infinix,22090369,6,128,6.5,48MP,4000,Android,3.8,2023-12-07 00:00:00,True,Daily
339,Infinix Max 28,Infinix,22673918,6,64,6.5,64MP,5000,Android,3.9,2021-06-01 00:00:00,True,Photographer
340,Infinix Max 5,Infinix,5961516,16,512,6.1,64MP,4000,Android,3.2,2020-03-06 00:00:00,False,Photographer
341,Infinix Max 5,Infinix,12906917,8,256,6.4,50MP,5000,Android,2.3,2/20/2023,True,Photographer
342,Infinix Max 6,Infinix,21239769,4,512,6.7,48MP,6000,Android,5.0,10/13/2019,False,Daily
343,Infinix Note 11,Infinix,7782762,16,64,6.7,64MP,5000,Android,3.8,4/17/2019,True,Gaming
344,Infinix Note 11,Infinix,23292994,12,64,6.5,12MP,5000,Android,1.6,2/20/2024,True,Gaming
345,Infinix Note 12,Infinix,1788410,8,64,6.7,50MP,6000,Android,3.4,10/31/2021,True,Photographer
346,Infinix Note 13,Infinix,18303457,4,64,6.4,64MP,6000,Android,1.2,4/27/2023,True,Photographer
347,Infinix Note 13,Infinix,9128937,8,256,6.1,108MP,5000,Android,4.4,5/20/2024,False,Photographer
348,Infinix Note 14,Infinix,2275472,16,64,6.7,64MP,4000,Android,1.4,2023-07-10 00:00:00,False,Photographer
349,Infinix Note 14,Infinix,9904765,4,64,6.1,48MP,4000,Android,1.0,4/25/2023,False,Daily
350,Infinix Note 19,Infinix,5811213,4,64,6.4,108MP,4000,Android,4.9,2019-04-02 00:00:00,False,Photographer
351,Infinix Note 20,Infinix,14950781,6,128,6.5,50MP,4000,Android,2.1,12/22/2023,True,Photographer
352,Infinix Note 20,Infinix,22664251,4,256,6.4,50MP,4000,Android,4.8,11/13/2020,True,Photographer
353,Infinix Note 25,Infinix,24507451,6,64,6.1,108MP,6000,Android,4.7,2/26/2022,False,Photographer
354,Infinix Note 27,Infinix,13431200,4,256,6.7,48MP,5000,Android,3.9,9/22/2020,True,Daily
355,Infinix Note 6,Infinix,7867576,12,512,6.7,64MP,4000,Android,1.0,8/15/2021,False,Photographer
356,Infinix Note 7,Infinix,13023275,16,64,6.7,64MP,4500,Android,3.0,2021-11-08 00:00:00,True,Photographer
357,Infinix Note 7,Infinix,2757804,4,256,6.7,108MP,4000,Android,4.4,2023-08-01 00:00:00,True,Photographer
358,Infinix Note 7,Infinix,14537624,6,512,6.1,48MP,4500,Android,3.4,2/17/2019,True,Daily
359,Infinix Note 8,Infinix,7701930,16,64,5.5,108MP,4500,Android,3.3,1/30/2022,False,Photographer
360,Infinix Note 9,Infinix,9838405,12,512,6.5,12MP,6000,Android,4.7,11/16/2022,True,Gaming
361,Infinix Pro 12,Infinix,19487021,6,256,6.5,50MP,6000,Android,4.7,2020-03-05 00:00:00,False,Photographer
362,Infinix Pro 13,Infinix,18338256,12,128,6.7,108MP,4500,Android,2.7,6/16/2022,False,Photographer
363,Infinix Pro 15,Infinix,12585883,4,128,6.7,50MP,4500,Android,1.1,2023-08-11 00:00:00,True,Photographer
364,Infinix Pro 15,Infinix,1531432,12,256,6.8,12MP,4500,Android,3.2,4/26/2023,False,Daily
365,Infinix Pro 16,Infinix,15489644,4,256,5.5,48MP,6000,Android,3.9,2019-04-08 00:00:00,True,Daily
366,Infinix Pro 16,Infinix,7276893,16,512,6.1,50MP,5000,Android,3.0,6/26/2022,False,Gaming
367,Infinix Pro 16,Infinix,23117961,12,128,6.4,64MP,6000,Android,2.1,2024-05-02 00:00:00,True,Photographer
368,Infinix Pro 16,Infinix,21080967,4,64,6.8,48MP,5000,Android,3.2,11/30/2022,False,Daily
369,Infinix Pro 17,Infinix,9747361,12,64,5.5,50MP,6000,Android,2.0,8/21/2022,True,Daily
370,Infinix Pro 19,Infinix,18613561,8,256,5.5,108MP,5000,Android,1.2,2021-12-01 00:00:00,True,Photographer
371,Infinix Pro 19,Infinix,15212973,4,128,6.7,64MP,4500,Android,4.9,2022-03-06 00:00:00,True,Photographer
372,Infinix Pro 20,Infinix,7399077,12,128,5.5,48MP,5000,Android,3.1,1/22/2023,False,Daily
373,Infinix Pro 24,Infinix,22000806,6,64,6.7,64MP,6000,Android,2.2,10/16/2021,True,Photographer
374,Infinix Pro 26,Infinix,14159532,6,128,6.8,108MP,4500,Android,1.1,5/24/2020,False,Photographer
375,Infinix Pro 28,Infinix,24314676,12,512,6.7,50MP,5000,Android,4.3,5/13/2023,True,Gaming
376,Infinix Pro 29,Infinix,20601809,8,512,6.4,50MP,4500,Android,2.6,2/26/2022,False,Photographer
377,Infinix Pro 30,Infinix,10867915,4,64,6.4,64MP,6000,Android,2.0,2021-01-10 00:00:00,True,Photographer
378,Infinix Pro 30,Infinix,4857960,16,128,6.5,50MP,4500,Android,1.7,9/25/2023,False,Gaming
379,Infinix Pro 30,Infinix,5579890,6,64,6.5,50MP,4500,Android,3.5,2021-03-05 00:00:00,False,Photographer
380,Infinix Pro 6,Infinix,13108666,8,512,6.1,48MP,5000,Android,2.6,8/16/2023,False,Daily
381,Infinix Ultra 10,Infinix,17819194,6,256,6.7,64MP,4000,Android,2.3,2019-12-12 00:00:00,False,Photographer
382,Infinix Ultra 12,Infinix,15483653,12,256,6.8,50MP,4000,Android,1.2,8/29/2022,False,Photographer
383,Infinix Ultra 13,Infinix,18566466,8,256,6.5,108MP,6000,Android,3.3,12/29/2021,True,Photographer
384,Infinix Ultra 15,Infinix,8299241,16,128,6.4,50MP,6000,Android,4.2,2020-01-06 00:00:00,True,Gaming
385,Infinix Ultra 16,Infinix,15578882,8,128,6.4,50MP,5000,Android,4.6,2021-03-05 00:00:00,False,Photographer
386,Infinix Ultra 18,Infinix,17932515,8,512,6.1,48MP,5000,Android,5.0,2019-03-02 00:00:00,False,Daily
387,Infinix Ultra 19,Infinix,9642959,6,64,6.7,64MP,5000,Android,3.5,2019-10-02 00:00:00,False,Photographer
388,Infinix Ultra 20,Infinix,16331037,6,128,6.1,64MP,5000,Android,4.0,2020-07-02 00:00:00,True,Photographer
389,Infinix Ultra 20,Infinix,9131922,16,256,6.8,12MP,6000,Android,3.6,1/16/2024,False,Gaming
390,Infinix Ultra 20,Infinix,23388203,16,512,6.4,108MP,4500,Android,2.5,3/25/2023,True,Photographer
391,Infinix Ultra 21,Infinix,21387056,4,512,6.5,48MP,6000,Android,1.8,2021-09-11 00:00:00,True,Daily
392,Infinix Ultra 22,Infinix,2402133,16,256,6.5,12MP,6000,Android,1.7,6/29/2022,True,Gaming
393,Infinix Ultra 24,Infinix,11844266,12,512,6.4,108MP,4500,Android,2.8,3/31/2023,False,Photographer
394,Infinix Ultra 24,Infinix,10545385,6,64,5.5,48MP,6000,Android,1.7,6/22/2020,True,Daily
395,Infinix Ultra 26,Infinix,7491682,6,512,6.7,108MP,6000,Android,2.4,5/16/2024,True,Photographer
396,Infinix Ultra 5,Infinix,15660948,6,256,5.5,48MP,6000,Android,2.2,7/25/2023,True,Daily
397,Infinix Ultra 7,Infinix,3943632,6,128,6.4,64MP,6000,Android,1.1,9/18/2019,False,Photographer
398,Infinix Ultra 7,Infinix,10215192,8,512,6.7,12MP,4500,Android,3.4,5/18/2022,True,Daily
399,Infinix Ultra 8,Infinix,17077460,6,64,6.7,12MP,5000,Android,1.6,2/18/2023,True,Daily
400,Infinix Ultra 8,Infinix,7420651,12,256,6.8,48MP,4500,Android,3.1,3/21/2021,False,Daily
401,Infinix Ultra 8,Infinix,16783669,8,512,6.1,48MP,5000,Android,4.4,11/24/2023,False,Daily
402,Infinix Ultra 8,Infinix,15628116,12,128,6.5,48MP,6000,Android,3.3,4/23/2019,False,Gaming
403,Infinix Ultra 9,Infinix,10365881,4,256,6.5,108MP,4500,Android,1.8,12/26/2020,False,Photographer
404,Infinix Ultra 9,Infinix,18432854,8,512,6.7,108MP,5000,Android,2.0,4/13/2024,True,Photographer
405,OnePlus Max 11,OnePlus,8735041,6,64,6.8,48MP,4500,Android,4.2,11/23/2019,False,Daily
406,OnePlus Max 12,OnePlus,7747941,4,512,6.8,48MP,4500,Android,3.8,10/25/2020,False,Daily
407,OnePlus Max 12,OnePlus,18483138,12,64,6.5,64MP,4000,Android,1.4,8/24/2020,True,Photographer
408,OnePlus Max 14,OnePlus,9275871,8,64,5.5,64MP,6000,Android,4.1,2021-07-07 00:00:00,False,Photographer
409,OnePlus Max 14,OnePlus,23953047,4,64,6.1,64MP,4500,Android,4.8,2024-12-02 00:00:00,True,Photographer
410,OnePlus Max 14,OnePlus,4952524,12,128,6.4,48MP,4500,Android,1.2,4/24/2023,True,Daily
411,OnePlus Max 15,OnePlus,24802595,4,128,6.7,48MP,4000,Android,1.3,2024-03-02 00:00:00,True,Daily
412,OnePlus Max 16,OnePlus,8152872,8,256,6.7,48MP,5000,Android,3.0,9/25/2021,True,Daily
413,OnePlus Max 16,OnePlus,8377735,6,64,6.1,50MP,5000,Android,1.6,2023-01-05 00:00:00,False,Daily
414,OnePlus Max 16,OnePlus,8261376,16,256,6.7,12MP,4000,Android,2.1,3/25/2023,True,Daily
415,OnePlus Max 18,OnePlus,10860128,16,256,6.1,12MP,4000,Android,1.1,3/15/2019,True,Daily
416,OnePlus Max 20,OnePlus,4642389,6,128,6.1,48MP,4500,Android,2.6,2/28/2020,True,Daily
417,OnePlus Max 21,OnePlus,8115946,4,256,5.5,64MP,6000,Android,1.3,2022-07-09 00:00:00,True,Photographer
418,OnePlus Max 22,OnePlus,20451433,8,64,6.8,48MP,4500,Android,2.7,7/20/2023,False,Daily
419,OnePlus Max 22,OnePlus,14263329,6,512,6.5,50MP,4000,Android,2.7,2019-05-08 00:00:00,False,Photographer
420,OnePlus Max 24,OnePlus,7620415,12,512,6.4,50MP,6000,Android,4.9,8/13/2023,False,Photographer
421,OnePlus Max 24,OnePlus,21504076,16,128,5.5,50MP,6000,Android,2.5,8/15/2019,True,Gaming
422,OnePlus Max 25,OnePlus,21679889,4,64,5.5,108MP,5000,Android,4.8,2020-10-09 00:00:00,True,Photographer
423,OnePlus Max 25,OnePlus,10742634,6,256,6.5,12MP,5000,Android,1.6,9/17/2019,False,Daily
424,OnePlus Max 27,OnePlus,10688370,6,128,6.8,12MP,4000,Android,2.5,2019-12-03 00:00:00,True,Daily
425,OnePlus Max 29,OnePlus,23339156,16,256,6.5,108MP,4000,Android,3.6,12/18/2022,True,Photographer
426,OnePlus Max 29,OnePlus,23195647,12,64,6.1,50MP,4000,Android,4.4,6/17/2020,True,Daily
427,OnePlus Max 6,OnePlus,24038178,8,256,6.8,50MP,4500,Android,4.8,1/13/2019,False,Photographer
428,OnePlus Max 7,OnePlus,17165909,6,512,6.1,108MP,6000,Android,3.6,2022-06-02 00:00:00,True,Photographer
429,OnePlus Max 7,OnePlus,15015673,12,256,6.5,108MP,6000,Android,4.4,3/17/2021,False,Gaming
430,OnePlus Max 7,OnePlus,7607139,4,64,6.5,64MP,6000,Android,4.4,8/18/2022,False,Photographer
431,OnePlus Note 10,OnePlus,23836647,6,256,6.8,12MP,4500,Android,4.2,6/19/2019,True,Daily
432,OnePlus Note 10,OnePlus,3174423,8,64,6.8,12MP,5000,Android,3.1,9/16/2020,True,Daily
433,OnePlus Note 14,OnePlus,18924036,8,512,5.5,108MP,5000,Android,4.7,4/13/2023,False,Photographer
434,OnePlus Note 14,OnePlus,22454584,12,128,6.1,108MP,4000,Android,4.4,2022-01-11 00:00:00,True,Photographer
435,OnePlus Note 15,OnePlus,3638206,16,128,6.8,108MP,4500,Android,3.3,5/19/2021,True,Photographer
436,OnePlus Note 16,OnePlus,10178106,4,128,6.5,48MP,4500,Android,4.0,3/22/2023,False,Daily
437,OnePlus Note 17,OnePlus,14662641,16,256,5.5,12MP,4000,Android,3.3,5/15/2020,True,Daily
438,OnePlus Note 18,OnePlus,24545257,4,64,6.4,50MP,5000,Android,5.0,6/22/2022,True,Photographer
439,OnePlus Note 20,OnePlus,15159139,4,128,6.1,50MP,4500,Android,2.4,2021-07-08 00:00:00,False,Daily
440,OnePlus Note 21,OnePlus,2874382,16,256,6.1,12MP,6000,Android,1.5,2/13/2023,False,Gaming
441,OnePlus Note 21,OnePlus,20957928,6,512,6.5,50MP,4500,Android,2.8,4/28/2021,True,Photographer
442,OnePlus Note 22,OnePlus,2039270,6,64,6.4,64MP,6000,Android,4.2,2021-03-10 00:00:00,False,Photographer
443,OnePlus Note 25,OnePlus,23516633,8,64,6.7,64MP,4500,Android,3.3,1/24/2020,True,Photographer
444,OnePlus Note 25,OnePlus,22183205,16,128,5.5,12MP,4500,Android,3.5,11/21/2021,True,Gaming
445,OnePlus Note 25,OnePlus,20865610,16,128,6.1,108MP,4500,Android,2.2,2020-09-05 00:00:00,True,Photographer
446,OnePlus Note 28,OnePlus,24072223,12,256,6.1,64MP,6000,Android,4.2,5/25/2019,True,Photographer
447,OnePlus Note 28,OnePlus,24427412,4,64,6.5,12MP,5000,Android,4.1,1/27/2021,False,Daily
448,OnePlus Note 28,OnePlus,17304415,12,512,6.8,12MP,5000,Android,3.3,2022-04-11 00:00:00,True,Gaming
449,OnePlus Note 28,OnePlus,21331113,16,256,6.7,12MP,6000,Android,1.8,2023-03-06 00:00:00,False,Gaming
450,OnePlus Note 29,OnePlus,11202649,16,64,6.7,12MP,4500,Android,4.6,2020-03-06 00:00:00,True,Gaming
451,OnePlus Note 5,OnePlus,3355870,8,64,6.7,48MP,4000,Android,4.0,2019-07-05 00:00:00,True,Daily
452,OnePlus Note 5,OnePlus,13320834,8,256,6.8,50MP,4500,Android,4.5,2023-06-07 00:00:00,False,Photographer
453,OnePlus Note 7,OnePlus,8001184,16,128,6.8,64MP,4000,Android,3.7,2021-05-09 00:00:00,True,Photographer
454,OnePlus Note 9,OnePlus,14851430,12,64,6.4,50MP,4500,Android,1.7,11/27/2020,True,Photographer
455,OnePlus Note 9,OnePlus,10874500,4,512,6.1,12MP,4000,Android,5.0,1/16/2021,True,Daily
456,OnePlus Note 9,OnePlus,18036181,12,128,6.4,12MP,6000,Android,2.4,2024-04-06 00:00:00,True,Daily
457,OnePlus Note 9,OnePlus,14061618,16,256,5.5,12MP,4500,Android,2.3,2019-10-05 00:00:00,False,Gaming
458,OnePlus Pro 10,OnePlus,7805243,8,512,6.8,12MP,6000,Android,3.1,2021-09-10 00:00:00,True,Daily
459,OnePlus Pro 11,OnePlus,14246960,8,64,6.8,48MP,6000,Android,4.2,3/20/2024,False,Daily
460,OnePlus Pro 12,OnePlus,14154141,4,512,6.1,108MP,6000,Android,1.8,2019-11-05 00:00:00,True,Photographer
461,OnePlus Pro 12,OnePlus,19530478,8,64,6.5,108MP,4500,Android,2.2,10/26/2020,True,Photographer
462,OnePlus Pro 14,OnePlus,5398372,6,256,6.7,64MP,4000,Android,1.3,2020-01-08 00:00:00,False,Photographer
463,OnePlus Pro 14,OnePlus,18564598,6,256,6.8,108MP,5000,Android,4.9,8/22/2020,False,Photographer
464,OnePlus Pro 16,OnePlus,13282620,12,128,6.7,12MP,5000,Android,4.0,2019-02-11 00:00:00,True,Gaming
465,OnePlus Pro 16,OnePlus,9785374,6,64,6.1,108MP,5000,Android,4.9,7/23/2023,False,Photographer
466,OnePlus Pro 16,OnePlus,18009434,8,512,5.5,50MP,6000,Android,3.1,10/26/2023,True,Daily
467,OnePlus Pro 17,OnePlus,24616017,16,256,6.4,50MP,6000,Android,4.1,3/17/2023,False,Gaming
468,OnePlus Pro 17,OnePlus,16955792,4,128,6.8,64MP,4000,Android,1.8,7/14/2021,False,Photographer
469,OnePlus Pro 17,OnePlus,15372547,16,256,6.4,108MP,4500,Android,4.0,12/16/2023,True,Photographer
470,OnePlus Pro 19,OnePlus,14550492,16,64,6.7,64MP,6000,Android,3.5,2021-12-06 00:00:00,True,Gaming
471,OnePlus Pro 21,OnePlus,23314766,4,256,6.5,50MP,4000,Android,1.9,2020-11-11 00:00:00,True,Photographer
472,OnePlus Pro 22,OnePlus,8170046,16,64,6.4,48MP,4500,Android,3.4,6/19/2019,True,Gaming
473,OnePlus Pro 23,OnePlus,12066347,8,128,6.5,12MP,6000,Android,1.7,3/16/2022,True,Daily
474,OnePlus Pro 23,OnePlus,8138352,4,512,6.4,50MP,4500,Android,2.9,9/22/2021,False,Photographer
475,OnePlus Pro 24,OnePlus,18649405,16,512,6.1,64MP,4500,Android,4.0,2019-09-03 00:00:00,True,Photographer
476,OnePlus Pro 24,OnePlus,10493122,12,512,6.8,64MP,5000,Android,2.4,2020-07-06 00:00:00,False,Gaming
477,OnePlus Pro 24,OnePlus,14685740,8,64,6.7,12MP,6000,Android,2.0,2020-11-05 00:00:00,False,Daily
478,OnePlus Pro 26,OnePlus,2483976,8,128,6.8,12MP,6000,Android,4.2,2/24/2019,False,Daily
479,OnePlus Pro 27,OnePlus,17175814,12,512,6.8,12MP,4000,Android,2.1,5/26/2023,False,Daily
480,OnePlus Pro 28,OnePlus,24384116,4,64,6.5,108MP,6000,Android,2.0,2023-02-05 00:00:00,True,Photographer
481,OnePlus Pro 28,OnePlus,6613407,4,64,6.5,48MP,6000,Android,4.7,2021-11-04 00:00:00,False,Daily
482,OnePlus Pro 28,OnePlus,13737735,16,512,6.8,50MP,5000,Android,4.5,9/29/2020,False,Gaming
483,OnePlus Pro 29,OnePlus,4672513,6,128,5.5,108MP,4500,Android,2.0,2021-04-11 00:00:00,True,Photographer
484,OnePlus Pro 29,OnePlus,19374764,16,128,6.7,50MP,5000,Android,2.3,2023-01-11 00:00:00,True,Gaming
485,OnePlus Pro 30,OnePlus,14981329,16,512,6.8,12MP,4000,Android,4.7,2/21/2022,False,Daily
486,OnePlus Pro 6,OnePlus,5136550,8,128,6.7,50MP,6000,Android,2.8,8/25/2021,False,Photographer
487,OnePlus Pro 6,OnePlus,21461323,8,64,6.8,48MP,5000,Android,1.8,2/24/2020,False,Daily
488,OnePlus Pro 9,OnePlus,5579676,8,256,6.8,48MP,5000,Android,2.0,1/27/2023,True,Daily
489,OnePlus Pro 9,OnePlus,24972830,16,256,6.5,50MP,5000,Android,3.3,11/27/2019,True,Gaming
490,OnePlus Ultra 10,OnePlus,22812781,12,512,6.4,12MP,4000,Android,2.5,1/31/2019,False,Daily
491,OnePlus Ultra 13,OnePlus,2653512,8,512,6.4,108MP,4000,Android,3.7,2024-11-06 00:00:00,False,Photographer
492,OnePlus Ultra 15,OnePlus,17969494,16,128,6.7,12MP,4000,Android,2.6,3/14/2021,True,Daily
493,OnePlus Ultra 15,OnePlus,24481755,12,128,6.1,64MP,5000,Android,3.4,12/21/2022,False,Photographer
494,OnePlus Ultra 18,OnePlus,6668955,6,256,6.1,108MP,5000,Android,2.6,12/17/2019,True,Photographer
495,OnePlus Ultra 18,OnePlus,24036047,4,64,6.5,50MP,5000,Android,5.0,8/16/2022,False,Photographer
496,OnePlus Ultra 19,OnePlus,5431858,6,128,6.4,108MP,4000,Android,4.3,11/21/2019,False,Photographer
497,OnePlus Ultra 20,OnePlus,11805453,8,64,6.5,108MP,4500,Android,2.4,2024-10-04 00:00:00,True,Photographer
498,OnePlus Ultra 22,OnePlus,3502042,12,128,5.5,12MP,6000,Android,4.0,10/19/2023,True,Daily
499,OnePlus Ultra 22,OnePlus,21873923,12,128,6.4,50MP,4000,Android,5.0,3/22/2024,True,Photographer
500,OnePlus Ultra 23,OnePlus,3030481,12,128,6.7,108MP,4000,Android,3.9,4/13/2019,True,Photographer
501,OnePlus Ultra 24,OnePlus,19582826,8,128,6.8,48MP,4500,Android,1.7,8/31/2023,True,Daily
502,OnePlus Ultra 24,OnePlus,3692920,8,128,6.5,64MP,4500,Android,3.4,5/19/2023,False,Photographer
503,OnePlus Ultra 25,OnePlus,15524807,16,128,5.5,12MP,4500,Android,3.9,5/15/2019,True,Gaming
504,OnePlus Ultra 26,OnePlus,17899510,6,256,6.7,12MP,5000,Android,1.5,3/30/2019,False,Daily
505,OnePlus Ultra 26,OnePlus,17006255,6,64,6.5,48MP,4000,Android,3.2,2023-04-06 00:00:00,False,Daily
506,OnePlus Ultra 28,OnePlus,7083739,4,256,6.8,64MP,5000,Android,4.4,5/14/2024,False,Photographer
507,OnePlus Ultra 29,OnePlus,23754323,16,64,6.4,50MP,4500,Android,2.3,2023-06-10 00:00:00,True,Gaming
508,OnePlus Ultra 30,OnePlus,20912048,4,64,6.8,48MP,6000,Android,3.8,6/24/2020,True,Daily
509,OnePlus Ultra 6,OnePlus,21520107,4,64,5.5,108MP,4000,Android,2.2,7/14/2019,True,Photographer
510,OnePlus Ultra 6,OnePlus,22806831,8,64,6.4,64MP,6000,Android,3.2,1/31/2020,False,Photographer
511,OnePlus Ultra 7,OnePlus,20066198,8,128,6.5,64MP,6000,Android,1.7,7/22/2022,True,Photographer
512,OnePlus Ultra 7,OnePlus,22821178,16,256,6.5,64MP,4500,Android,1.6,9/15/2019,False,Photographer
513,OnePlus Ultra 8,OnePlus,23282104,4,64,6.7,64MP,4500,Android,1.8,2024-06-03 00:00:00,False,Photographer
514,Oppo Max 10,Oppo,21204576,6,512,6.4,12MP,6000,Android,3.8,6/24/2021,True,Daily
515,Oppo Max 11,Oppo,1900039,12,512,6.7,48MP,4000,Android,2.6,7/22/2022,True,Daily
516,Oppo Max 12,Oppo,11628532,6,512,6.1,50MP,6000,Android,4.7,9/17/2019,True,Daily
517,Oppo Max 13,Oppo,6672277,12,64,5.5,50MP,5000,Android,1.4,2019-08-11 00:00:00,False,Daily
518,Oppo Max 14,Oppo,6043699,16,512,6.1,108MP,5000,Android,1.5,2/20/2023,False,Photographer
519,Oppo Max 14,Oppo,16447186,16,128,6.4,64MP,6000,Android,3.5,12/28/2022,False,Photographer
520,Oppo Max 14,Oppo,17976626,16,512,6.4,64MP,4500,Android,4.5,9/22/2023,True,Photographer
521,Oppo Max 15,Oppo,20695812,16,64,6.7,108MP,6000,Android,1.8,12/28/2022,False,Gaming
522,Oppo Max 16,Oppo,7113005,16,128,6.8,108MP,4000,Android,1.5,11/24/2019,False,Photographer
523,Oppo Max 16,Oppo,8997137,8,256,6.7,108MP,6000,Android,4.7,3/26/2020,False,Photographer
524,Oppo Max 18,Oppo,22051059,12,128,6.5,12MP,4500,Android,2.9,6/25/2022,True,Daily
525,Oppo Max 21,Oppo,21415448,8,128,6.1,48MP,6000,Android,4.3,10/16/2020,True,Daily
526,Oppo Max 24,Oppo,1762788,8,256,5.5,12MP,5000,Android,2.5,2024-10-02 00:00:00,False,Daily
527,Oppo Max 24,Oppo,16162548,8,128,6.5,108MP,5000,Android,1.9,12/21/2020,True,Photographer
528,Oppo Max 28,Oppo,9405893,4,128,6.4,64MP,4000,Android,3.8,2022-11-08 00:00:00,False,Photographer
529,Oppo Max 30,Oppo,7994546,16,256,5.5,50MP,4500,Android,1.3,6/26/2022,True,Gaming
530,Oppo Max 5,Oppo,14016331,8,128,6.1,48MP,5000,Android,4.1,3/14/2023,True,Daily
531,Oppo Max 8,Oppo,19540018,4,256,6.1,108MP,4500,Android,1.7,12/25/2019,False,Photographer
532,Oppo Max 8,Oppo,2407971,4,64,6.5,50MP,4500,Android,1.4,3/16/2019,True,Photographer
533,Oppo Max 8,Oppo,20335124,16,128,6.1,12MP,4000,Android,3.3,12/21/2023,False,Daily
534,Oppo Note 12,Oppo,15674168,6,128,6.8,48MP,4000,Android,1.8,11/28/2019,True,Daily
535,Oppo Note 14,Oppo,20998117,6,128,6.7,50MP,4500,Android,4.1,8/26/2021,False,Photographer
536,Oppo Note 14,Oppo,2234996,8,512,6.8,108MP,4500,Android,4.9,2020-07-04 00:00:00,False,Photographer
537,Oppo Note 15,Oppo,19617071,4,512,6.7,64MP,5000,Android,2.6,2023-08-03 00:00:00,True,Photographer
538,Oppo Note 16,Oppo,2517955,8,64,5.5,108MP,6000,Android,2.2,5/13/2023,False,Photographer
539,Oppo Note 18,Oppo,20871615,6,256,6.5,50MP,6000,Android,4.2,2/28/2019,False,Photographer
540,Oppo Note 19,Oppo,10627512,4,512,6.5,108MP,5000,Android,1.7,1/30/2019,False,Photographer
541,Oppo Note 19,Oppo,21149204,16,64,6.5,64MP,4000,Android,3.4,5/26/2020,False,Photographer
542,Oppo Note 21,Oppo,9079278,8,128,6.7,48MP,4000,Android,4.6,2024-09-04 00:00:00,False,Daily
543,Oppo Note 21,Oppo,4333261,12,512,6.4,50MP,4000,Android,3.6,2021-09-09 00:00:00,True,Photographer
544,Oppo Note 24,Oppo,22267891,6,64,6.4,50MP,6000,Android,4.1,1/30/2024,False,Photographer
545,Oppo Note 25,Oppo,18672229,8,512,6.5,50MP,6000,Android,1.6,7/23/2022,False,Photographer
546,Oppo Note 25,Oppo,6399552,8,128,6.7,108MP,6000,Android,4.0,7/28/2022,False,Photographer
547,Oppo Note 26,Oppo,20168107,12,128,5.5,48MP,6000,Android,2.3,6/22/2024,False,Daily
548,Oppo Note 26,Oppo,14404589,6,128,6.4,50MP,5000,Android,4.3,5/22/2022,False,Photographer
549,Oppo Note 28,Oppo,21097682,16,256,6.8,50MP,4000,Android,2.2,1/16/2023,False,Photographer
550,Oppo Note 29,Oppo,16018579,4,512,6.1,12MP,5000,Android,1.8,5/23/2019,False,Daily
551,Oppo Note 29,Oppo,5326233,16,512,6.4,50MP,4000,Android,1.5,4/21/2019,False,Photographer
552,Oppo Note 5,Oppo,13329418,16,64,5.5,12MP,4000,Android,3.6,5/25/2024,False,Daily
553,Oppo Note 6,Oppo,5329004,12,128,6.4,50MP,4000,Android,3.5,2022-10-11 00:00:00,True,Photographer
554,Oppo Note 8,Oppo,7985747,6,256,6.8,64MP,4500,Android,1.5,5/13/2021,False,Photographer
555,Oppo Note 9,Oppo,3705286,6,256,6.7,48MP,4500,Android,3.0,3/20/2021,False,Daily
556,Oppo Pro 11,Oppo,10669727,12,128,6.4,50MP,5000,Android,1.2,2022-04-01 00:00:00,True,Photographer
557,Oppo Pro 12,Oppo,19832476,8,128,6.7,64MP,6000,Android,2.2,2024-08-02 00:00:00,False,Photographer
558,Oppo Pro 12,Oppo,18254923,16,64,6.4,50MP,6000,Android,2.9,7/20/2022,False,Gaming
559,Oppo Pro 13,Oppo,24078265,16,512,6.5,50MP,5000,Android,3.6,2021-04-11 00:00:00,False,Gaming
560,Oppo Pro 14,Oppo,8572840,12,64,6.1,12MP,6000,Android,1.7,9/26/2019,False,Daily
561,Oppo Pro 15,Oppo,10310020,12,128,6.4,108MP,6000,Android,2.7,2020-04-03 00:00:00,False,Photographer
562,Oppo Pro 15,Oppo,2752397,6,512,5.5,48MP,4500,Android,3.3,2019-09-03 00:00:00,True,Daily
563,Oppo Pro 15,Oppo,14501482,16,128,6.4,108MP,5000,Android,3.0,2019-04-09 00:00:00,True,Photographer
564,Oppo Pro 16,Oppo,24726137,6,512,6.8,108MP,4000,Android,2.7,2022-01-07 00:00:00,True,Photographer
565,Oppo Pro 18,Oppo,1570627,12,256,5.5,12MP,4000,Android,1.1,12/20/2020,True,Daily
566,Oppo Pro 18,Oppo,23176600,16,512,6.7,64MP,4000,Android,3.7,2023-08-10 00:00:00,False,Photographer
567,Oppo Pro 19,Oppo,16056002,8,128,6.5,48MP,5000,Android,1.5,2023-06-09 00:00:00,False,Daily
568,Oppo Pro 20,Oppo,22541042,4,512,6.8,50MP,6000,Android,3.7,2021-01-07 00:00:00,False,Photographer
569,Oppo Pro 20,Oppo,15106127,16,512,6.7,12MP,5000,Android,2.6,6/20/2022,True,Gaming
570,Oppo Pro 20,Oppo,16234332,6,512,6.7,50MP,4000,Android,4.4,11/25/2021,True,Photographer
571,Oppo Pro 21,Oppo,13671960,6,64,6.1,48MP,6000,Android,2.8,1/18/2023,True,Daily
572,Oppo Pro 22,Oppo,23092783,6,128,6.8,64MP,6000,Android,1.5,8/17/2019,True,Photographer
573,Oppo Pro 25,Oppo,10586832,16,256,6.8,50MP,6000,Android,4.5,2023-07-03 00:00:00,True,Gaming
574,Oppo Pro 28,Oppo,17891423,6,128,6.4,50MP,6000,Android,3.9,12/25/2019,True,Photographer
575,Oppo Pro 6,Oppo,8169681,8,64,6.5,12MP,4000,Android,3.7,2024-01-05 00:00:00,False,Daily
576,Oppo Pro 6,Oppo,22012586,16,512,6.8,50MP,4000,Android,3.1,2020-05-03 00:00:00,False,Photographer
577,Oppo Pro 6,Oppo,9470373,4,128,5.5,12MP,4500,Android,3.1,6/27/2019,False,Daily
578,Oppo Pro 8,Oppo,9990974,4,256,6.4,64MP,4000,Android,1.5,10/27/2019,True,Photographer
579,Oppo Pro 8,Oppo,19163662,16,128,6.5,64MP,4500,Android,2.7,2021-08-02 00:00:00,False,Photographer
580,Oppo Ultra 11,Oppo,3193413,12,128,6.1,50MP,4000,Android,3.8,12/13/2021,True,Daily
581,Oppo Ultra 13,Oppo,15928270,6,256,6.5,12MP,5000,Android,3.2,4/23/2024,True,Daily
582,Oppo Ultra 14,Oppo,2733885,8,512,6.4,108MP,5000,Android,2.0,6/20/2023,True,Photographer
583,Oppo Ultra 14,Oppo,5914817,16,64,5.5,108MP,5000,Android,2.8,3/27/2019,False,Photographer
584,Oppo Ultra 15,Oppo,3606719,8,512,6.4,12MP,5000,Android,4.3,11/17/2020,True,Daily
585,Oppo Ultra 15,Oppo,13483544,8,256,6.1,64MP,4000,Android,4.1,12/18/2021,True,Photographer
586,Oppo Ultra 17,Oppo,24083343,6,256,5.5,64MP,6000,Android,1.9,2019-10-12 00:00:00,False,Photographer
587,Oppo Ultra 18,Oppo,19095973,12,64,6.5,64MP,4500,Android,4.5,2019-03-12 00:00:00,True,Photographer
588,Oppo Ultra 20,Oppo,6684973,4,512,6.1,64MP,4000,Android,3.6,8/22/2021,False,Photographer
589,Oppo Ultra 21,Oppo,7382631,4,128,5.5,12MP,4000,Android,3.0,2020-11-04 00:00:00,True,Daily
590,Oppo Ultra 22,Oppo,2648254,6,128,6.4,50MP,6000,Android,1.5,8/31/2022,False,Photographer
591,Oppo Ultra 22,Oppo,19377973,6,64,6.8,50MP,4500,Android,4.8,10/19/2022,True,Photographer
592,Oppo Ultra 23,Oppo,24544760,16,512,6.7,50MP,5000,Android,2.3,2019-03-03 00:00:00,False,Gaming
593,Oppo Ultra 23,Oppo,13834440,16,64,6.7,50MP,4000,Android,2.5,2021-04-02 00:00:00,False,Photographer
594,Oppo Ultra 24,Oppo,6042246,6,512,6.8,12MP,4500,Android,2.2,2023-01-06 00:00:00,True,Daily
595,Oppo Ultra 27,Oppo,14628507,4,128,6.8,50MP,4500,Android,4.2,2024-02-04 00:00:00,True,Photographer
596,Oppo Ultra 28,Oppo,10311337,8,64,6.5,108MP,6000,Android,4.9,2021-11-06 00:00:00,True,Photographer
597,Oppo Ultra 29,Oppo,2836545,8,64,6.7,108MP,4000,Android,3.3,2020-10-05 00:00:00,True,Photographer
598,Oppo Ultra 30,Oppo,15241640,12,64,6.7,50MP,5000,Android,2.2,2023-05-01 00:00:00,False,Gaming
599,Oppo Ultra 6,Oppo,18429262,16,64,6.5,48MP,5000,Android,4.1,8/27/2019,False,Gaming
600,Oppo Ultra 7,Oppo,15259267,12,64,5.5,50MP,4500,Android,4.8,9/20/2022,False,Daily
601,Oppo Ultra 9,Oppo,16747793,6,512,6.7,12MP,4000,Android,4.5,8/20/2022,False,Daily
602,Realme Max 10,Realme,16311828,12,256,5.5,64MP,6000,Android,2.7,10/25/2023,False,Photographer
603,Realme Max 15,Realme,3156318,16,256,6.5,108MP,4500,Android,3.3,3/30/2023,False,Photographer
604,Realme Max 16,Realme,24782298,6,128,6.5,64MP,6000,Android,3.4,2022-09-04 00:00:00,True,Photographer
605,Realme Max 17,Realme,13646735,6,512,6.8,50MP,4000,Android,1.2,2/26/2024,True,Photographer
606,Realme Max 18,Realme,23055944,16,128,6.8,50MP,4500,Android,4.6,2020-05-12 00:00:00,False,Gaming
607,Realme Max 19,Realme,19436376,4,256,6.1,64MP,4000,Android,3.6,8/15/2021,False,Photographer
608,Realme Max 20,Realme,20769883,16,256,6.7,108MP,4000,Android,1.9,2022-02-02 00:00:00,False,Photographer
609,Realme Max 21,Realme,20785861,6,64,6.5,50MP,5000,Android,4.2,6/21/2024,False,Photographer
610,Realme Max 21,Realme,15879968,6,64,6.5,108MP,4000,Android,4.0,2024-10-01 00:00:00,True,Photographer
611,Realme Max 23,Realme,9879436,6,512,5.5,108MP,4000,Android,1.4,12/25/2023,True,Photographer
612,Realme Max 23,Realme,5328645,12,128,6.1,50MP,4000,Android,1.0,12/26/2023,False,Daily
613,Realme Max 23,Realme,22929823,6,128,6.1,50MP,4500,Android,2.2,12/23/2021,True,Daily
614,Realme Max 24,Realme,11743988,4,128,6.1,108MP,5000,Android,3.7,7/24/2022,False,Photographer
615,Realme Max 24,Realme,4923462,16,64,6.4,48MP,6000,Android,4.1,2023-04-11 00:00:00,True,Gaming
616,Realme Max 25,Realme,1575559,6,512,6.4,12MP,4000,Android,4.0,4/23/2021,True,Daily
617,Realme Max 26,Realme,20297304,8,128,6.5,12MP,5000,Android,1.9,10/15/2023,True,Daily
618,Realme Max 27,Realme,15725998,6,128,5.5,50MP,6000,Android,4.1,8/16/2022,False,Daily
619,Realme Max 5,Realme,6138119,8,256,6.1,12MP,6000,Android,4.0,3/24/2020,True,Daily
620,Realme Max 6,Realme,7497152,8,512,6.5,12MP,4500,Android,3.6,7/30/2022,False,Daily
621,Realme Max 6,Realme,20905286,6,128,6.1,64MP,4500,Android,2.8,4/30/2024,False,Photographer
622,Realme Max 7,Realme,3013880,4,512,6.5,64MP,6000,Android,4.0,2021-01-07 00:00:00,True,Photographer
623,Realme Max 7,Realme,5853359,12,64,6.4,64MP,6000,Android,3.9,9/28/2023,False,Photographer
624,Realme Max 8,Realme,13534478,4,512,6.4,12MP,5000,Android,2.7,2023-05-10 00:00:00,False,Daily
625,Realme Note 11,Realme,2984139,6,64,6.8,108MP,4500,Android,2.8,6/23/2020,False,Photographer
626,Realme Note 11,Realme,15805775,16,64,6.1,50MP,5000,Android,4.6,2019-10-09 00:00:00,False,Gaming
627,Realme Note 12,Realme,22981641,4,64,6.7,48MP,5000,Android,4.5,2/24/2019,False,Daily
628,Realme Note 14,Realme,22315930,12,256,6.7,108MP,4000,Android,1.3,2021-02-03 00:00:00,True,Photographer
629,Realme Note 16,Realme,11332930,6,256,6.5,108MP,4500,Android,4.3,2021-10-04 00:00:00,True,Photographer
630,Realme Note 17,Realme,18249641,4,64,6.7,64MP,4000,Android,3.0,2021-10-07 00:00:00,False,Photographer
631,Realme Note 19,Realme,7034483,8,512,6.8,108MP,5000,Android,2.6,2021-07-08 00:00:00,True,Photographer
632,Realme Note 19,Realme,11862396,4,256,5.5,48MP,5000,Android,4.7,2021-12-05 00:00:00,False,Daily
633,Realme Note 20,Realme,12808275,6,128,6.1,12MP,6000,Android,1.7,3/25/2024,False,Daily
634,Realme Note 20,Realme,20037035,6,64,6.5,48MP,4500,Android,4.9,2024-05-05 00:00:00,False,Daily
635,Realme Note 20,Realme,9254151,16,512,6.1,108MP,5000,Android,2.6,2022-12-09 00:00:00,True,Photographer
636,Realme Note 20,Realme,19772871,6,64,6.5,48MP,4500,Android,2.8,11/30/2023,False,Daily
637,Realme Note 21,Realme,6485656,6,128,6.8,50MP,4500,Android,1.9,3/21/2022,False,Photographer
638,Realme Note 23,Realme,20711041,6,128,6.1,50MP,4500,Android,2.3,1/15/2019,False,Daily
639,Realme Note 24,Realme,11002841,12,64,6.4,64MP,4000,Android,3.2,2023-01-07 00:00:00,False,Photographer
640,Realme Note 24,Realme,17017168,8,512,6.5,64MP,4000,Android,4.3,7/31/2022,False,Photographer
641,Realme Note 24,Realme,10292705,6,512,6.7,48MP,4000,Android,4.2,2020-04-02 00:00:00,False,Daily
642,Realme Note 26,Realme,4237905,12,64,6.1,108MP,4500,Android,4.7,2020-10-08 00:00:00,True,Photographer
643,Realme Note 27,Realme,18001352,4,512,5.5,12MP,5000,Android,3.3,2020-07-10 00:00:00,False,Daily
644,Realme Note 28,Realme,4237279,8,128,6.1,12MP,4000,Android,4.6,6/23/2019,False,Daily
645,Realme Note 28,Realme,14439693,16,256,6.7,12MP,4000,Android,3.9,8/28/2019,False,Daily
646,Realme Note 29,Realme,10062620,12,256,6.8,64MP,6000,Android,1.1,2/18/2020,True,Gaming
647,Realme Note 29,Realme,15263465,12,256,6.7,50MP,4000,Android,1.5,7/19/2020,True,Photographer
648,Realme Note 30,Realme,17264062,16,512,6.1,64MP,5000,Android,3.9,4/22/2022,False,Photographer
649,Realme Note 30,Realme,6779277,8,256,6.8,108MP,4000,Android,1.8,3/28/2019,True,Photographer
650,Realme Note 30,Realme,9660168,8,256,5.5,50MP,5000,Android,4.7,2024-01-01 00:00:00,False,Daily
651,Realme Note 5,Realme,19897555,4,64,6.4,50MP,4000,Android,3.5,2019-03-06 00:00:00,False,Photographer
652,Realme Note 5,Realme,15253946,6,512,6.5,48MP,5000,Android,2.6,1/14/2022,False,Daily
653,Realme Note 5,Realme,19825594,8,256,6.4,108MP,6000,Android,4.3,12/31/2020,True,Photographer
654,Realme Note 6,Realme,5528167,4,256,6.4,108MP,5000,Android,1.6,7/17/2023,True,Photographer
655,Realme Note 7,Realme,10818303,6,128,6.7,48MP,4000,Android,3.9,6/21/2024,True,Daily
656,Realme Note 8,Realme,16362657,6,512,6.1,108MP,5000,Android,4.6,8/16/2020,True,Photographer
657,Realme Note 9,Realme,7506925,6,512,6.8,64MP,4000,Android,4.5,7/14/2021,True,Photographer
658,Realme Pro 10,Realme,17017365,8,256,6.7,12MP,4000,Android,1.8,2021-12-09 00:00:00,True,Daily
659,Realme Pro 11,Realme,18617484,4,128,5.5,64MP,4000,Android,3.6,8/15/2022,False,Photographer
660,Realme Pro 12,Realme,18887834,6,256,6.8,12MP,6000,Android,1.6,7/27/2020,False,Daily
661,Realme Pro 12,Realme,20130131,4,256,5.5,108MP,4500,Android,4.0,7/22/2020,True,Photographer
662,Realme Pro 14,Realme,17813919,8,512,6.5,12MP,4500,Android,4.9,2019-09-03 00:00:00,False,Daily
663,Realme Pro 18,Realme,14076457,16,256,6.8,50MP,6000,Android,4.3,4/15/2023,False,Gaming
664,Realme Pro 18,Realme,7044421,8,512,6.8,108MP,4000,Android,3.1,10/21/2020,False,Photographer
665,Realme Pro 18,Realme,5901275,6,256,6.5,50MP,4000,Android,4.0,6/21/2023,True,Photographer
666,Realme Pro 18,Realme,13971670,16,512,5.5,64MP,4500,Android,1.0,2021-01-09 00:00:00,False,Photographer
667,Realme Pro 21,Realme,6904008,12,256,6.8,64MP,5000,Android,2.2,2022-02-07 00:00:00,False,Gaming
668,Realme Pro 22,Realme,14547695,12,256,5.5,12MP,4000,Android,4.0,9/15/2020,True,Daily
669,Realme Pro 23,Realme,6187084,6,128,6.7,48MP,4000,Android,1.9,4/15/2020,True,Daily
670,Realme Pro 25,Realme,8178293,16,512,6.8,12MP,6000,Android,4.4,7/22/2021,False,Gaming
671,Realme Pro 25,Realme,23079442,16,128,5.5,48MP,4000,Android,2.0,12/19/2020,False,Daily
672,Realme Pro 26,Realme,6688030,12,256,6.5,12MP,6000,Android,4.3,6/21/2024,False,Gaming
673,Realme Pro 27,Realme,21855150,8,256,6.8,50MP,6000,Android,2.0,10/23/2020,True,Photographer
674,Realme Pro 28,Realme,21518192,6,64,6.7,48MP,4500,Android,1.5,1/27/2022,True,Daily
675,Realme Pro 29,Realme,14699576,12,64,6.7,50MP,4500,Android,4.3,11/25/2023,True,Photographer
676,Realme Pro 29,Realme,14974339,12,512,6.8,48MP,4000,Android,1.6,12/24/2019,True,Daily
677,Realme Pro 30,Realme,17395387,16,64,6.5,50MP,5000,Android,3.6,2023-05-01 00:00:00,True,Gaming
678,Realme Pro 5,Realme,21921655,12,256,6.7,108MP,4000,Android,2.7,12/28/2022,True,Photographer
679,Realme Pro 7,Realme,2172249,12,256,6.7,50MP,4500,Android,2.1,2023-07-01 00:00:00,False,Photographer
680,Realme Pro 8,Realme,8160880,6,64,6.4,12MP,4500,Android,4.6,8/15/2021,False,Daily
681,Realme Ultra 11,Realme,11028722,16,64,5.5,12MP,4500,Android,3.9,2/29/2024,True,Gaming
682,Realme Ultra 11,Realme,2215478,16,256,6.4,108MP,4000,Android,1.4,2020-06-07 00:00:00,True,Photographer
683,Realme Ultra 11,Realme,10749075,6,256,6.5,50MP,6000,Android,4.6,7/23/2023,True,Photographer
684,Realme Ultra 13,Realme,18699830,8,256,5.5,50MP,5000,Android,4.6,2019-03-10 00:00:00,False,Daily
685,Realme Ultra 13,Realme,20527337,4,256,5.5,64MP,5000,Android,2.9,7/28/2023,False,Photographer
686,Realme Ultra 14,Realme,4076440,16,512,6.1,108MP,4000,Android,2.2,2022-02-07 00:00:00,True,Photographer
687,Realme Ultra 14,Realme,12059492,6,512,6.5,64MP,4000,Android,1.6,9/13/2021,False,Photographer
688,Realme Ultra 14,Realme,18840190,12,512,5.5,50MP,5000,Android,1.3,3/28/2024,False,Daily
689,Realme Ultra 15,Realme,8457311,12,64,6.4,48MP,6000,Android,2.1,2/14/2020,True,Daily
690,Realme Ultra 16,Realme,6675445,4,128,6.7,108MP,4500,Android,3.0,2021-07-10 00:00:00,False,Photographer
691,Realme Ultra 16,Realme,23427886,12,64,6.4,12MP,6000,Android,1.9,2021-07-01 00:00:00,False,Daily
692,Realme Ultra 16,Realme,8883818,4,128,6.5,64MP,5000,Android,4.1,3/13/2022,False,Photographer
693,Realme Ultra 17,Realme,4420963,6,128,6.1,64MP,4500,Android,3.1,2/14/2024,True,Photographer
694,Realme Ultra 18,Realme,15859221,12,256,6.1,12MP,4500,Android,1.5,2/17/2024,False,Daily
695,Realme Ultra 19,Realme,8778668,6,512,6.8,64MP,4500,Android,4.1,7/16/2020,False,Photographer
696,Realme Ultra 20,Realme,18754387,6,512,6.4,108MP,6000,Android,1.8,2024-12-03 00:00:00,False,Photographer
697,Realme Ultra 22,Realme,8370325,12,512,5.5,64MP,6000,Android,3.7,2023-03-10 00:00:00,False,Photographer
698,Realme Ultra 23,Realme,23530037,8,512,6.1,12MP,6000,Android,1.7,4/20/2023,True,Daily
699,Realme Ultra 25,Realme,15125326,12,128,5.5,108MP,4500,Android,4.1,7/31/2023,False,Photographer
700,Realme Ultra 25,Realme,1543848,12,512,6.1,48MP,4500,Android,2.9,2020-08-07 00:00:00,False,Daily
701,Realme Ultra 25,Realme,21232763,12,512,6.5,12MP,4500,Android,4.6,9/27/2023,True,Daily
702,Realme Ultra 26,Realme,5753547,6,256,6.7,12MP,5000,Android,3.0,2022-01-03 00:00:00,False,Daily
703,Realme Ultra 27,Realme,12913883,8,256,6.7,12MP,4500,Android,2.6,2022-03-08 00:00:00,True,Daily
704,Realme Ultra 30,Realme,20152446,16,128,6.8,64MP,5000,Android,3.7,2021-04-03 00:00:00,False,Gaming
705,Realme Ultra 30,Realme,17919919,8,64,6.7,64MP,5000,Android,3.0,3/21/2023,True,Photographer
706,Realme Ultra 30,Realme,5282924,12,64,6.7,64MP,4000,Android,2.9,7/19/2021,False,Photographer
707,Realme Ultra 5,Realme,3857566,4,256,5.5,108MP,6000,Android,4.4,2019-11-01 00:00:00,True,Photographer
708,Realme Ultra 6,Realme,17223212,8,64,6.7,50MP,4500,Android,3.8,2021-04-03 00:00:00,False,Photographer
709,Realme Ultra 7,Realme,8688113,8,64,6.1,12MP,4500,Android,4.9,2022-04-12 00:00:00,False,Daily
710,Realme Ultra 8,Realme,5851303,16,64,6.1,50MP,4500,Android,1.2,2020-01-01 00:00:00,True,Gaming
711,Realme Ultra 8,Realme,10582579,16,128,6.1,108MP,4000,Android,1.5,1/31/2020,True,Photographer
712,Realme Ultra 9,Realme,18859573,6,64,6.4,50MP,6000,Android,1.1,2022-04-10 00:00:00,True,Photographer
713,Samsung Max 10,Samsung,18839355,4,512,5.5,50MP,6000,Android,1.4,2/23/2020,True,Daily
714,Samsung Max 12,Samsung,5388186,16,256,6.5,50MP,4000,Android,1.2,3/24/2019,False,Photographer
715,Samsung Max 14,Samsung,11392563,6,64,6.4,64MP,4500,Android,2.1,12/27/2022,False,Photographer
716,Samsung Max 14,Samsung,8625381,12,256,6.8,50MP,4000,Android,4.8,10/29/2023,True,Photographer
717,Samsung Max 16,Samsung,13957467,12,64,5.5,50MP,6000,Android,4.9,2020-12-08 00:00:00,True,Daily
718,Samsung Max 16,Samsung,11941512,12,128,6.7,12MP,5000,Android,2.9,5/21/2019,False,Gaming
719,Samsung Max 17,Samsung,19005580,16,256,5.5,48MP,6000,Android,4.0,3/25/2021,True,Gaming
720,Samsung Max 18,Samsung,2363295,12,256,6.1,12MP,5000,Android,1.1,4/18/2019,True,Daily
721,Samsung Max 18,Samsung,6767320,8,512,6.7,48MP,5000,Android,4.8,9/21/2023,True,Daily
722,Samsung Max 18,Samsung,21222536,12,128,5.5,108MP,4000,Android,3.3,2023-04-01 00:00:00,True,Photographer
723,Samsung Max 18,Samsung,21006863,16,128,6.4,12MP,4000,Android,3.0,2020-05-05 00:00:00,True,Daily
724,Samsung Max 20,Samsung,12339030,8,512,5.5,108MP,4500,Android,3.0,2023-04-12 00:00:00,False,Photographer
725,Samsung Max 20,Samsung,15573726,12,256,5.5,48MP,4000,Android,4.1,2/18/2021,False,Daily
726,Samsung Max 22,Samsung,9529787,4,512,6.7,12MP,6000,Android,2.9,2024-01-05 00:00:00,False,Daily
727,Samsung Max 23,Samsung,10595253,4,512,6.1,64MP,4500,Android,3.2,5/28/2024,False,Photographer
728,Samsung Max 24,Samsung,24283873,8,128,6.4,108MP,5000,Android,2.8,11/18/2022,False,Photographer
729,Samsung Max 24,Samsung,2913167,8,128,6.5,108MP,4500,Android,2.3,7/20/2020,True,Photographer
730,Samsung Max 24,Samsung,12193503,12,256,6.4,12MP,6000,Android,2.6,2022-01-10 00:00:00,False,Daily
731,Samsung Max 25,Samsung,15252644,12,512,6.1,12MP,4500,Android,4.6,10/30/2021,True,Daily
732,Samsung Max 25,Samsung,18491146,4,128,6.4,108MP,4500,Android,4.5,2019-11-06 00:00:00,False,Photographer
733,Samsung Max 26,Samsung,14950161,12,512,5.5,50MP,6000,Android,4.3,1/31/2021,False,Daily
734,Samsung Max 26,Samsung,23051763,4,512,6.5,48MP,4000,Android,3.9,7/21/2019,False,Daily
735,Samsung Max 28,Samsung,13219219,4,64,6.7,48MP,6000,Android,3.2,2021-04-06 00:00:00,False,Daily
736,Samsung Max 28,Samsung,21458925,4,256,6.8,12MP,4500,Android,4.3,4/28/2020,False,Daily
737,Samsung Max 29,Samsung,24261645,16,512,6.7,64MP,6000,Android,1.2,2/21/2023,False,Gaming
738,Samsung Max 30,Samsung,11718028,8,128,5.5,12MP,5000,Android,2.1,2/24/2022,False,Daily
739,Samsung Max 30,Samsung,3866755,8,256,6.7,64MP,4500,Android,4.5,8/30/2023,True,Photographer
740,Samsung Max 30,Samsung,1987608,6,512,6.1,64MP,6000,Android,3.1,10/27/2021,True,Photographer
741,Samsung Max 5,Samsung,15247695,8,256,5.5,50MP,4500,Android,2.3,9/13/2019,True,Daily
742,Samsung Max 5,Samsung,18642958,8,128,6.4,64MP,6000,Android,2.4,6/22/2021,False,Photographer
743,Samsung Max 6,Samsung,13745538,16,512,5.5,48MP,4000,Android,3.9,2019-03-02 00:00:00,False,Daily
744,Samsung Max 7,Samsung,21033265,6,512,6.7,12MP,5000,Android,2.2,4/14/2023,True,Daily
745,Samsung Note 15,Samsung,9414993,16,64,6.1,48MP,5000,Android,2.6,3/31/2019,True,Gaming
746,Samsung Note 15,Samsung,15426365,6,128,6.1,64MP,4000,Android,2.3,2019-05-09 00:00:00,True,Photographer
747,Samsung Note 16,Samsung,10835276,12,256,6.4,50MP,6000,Android,1.5,3/17/2023,True,Photographer
748,Samsung Note 17,Samsung,1609969,4,128,6.4,12MP,6000,Android,4.9,5/22/2023,True,Daily
749,Samsung Note 17,Samsung,17552103,16,64,5.5,108MP,4000,Android,3.9,8/13/2020,True,Photographer
750,Samsung Note 19,Samsung,16161072,16,64,6.5,108MP,6000,Android,1.2,2023-01-03 00:00:00,True,Gaming
751,Samsung Note 20,Samsung,11989537,12,512,6.5,48MP,5000,Android,3.1,2022-11-12 00:00:00,False,Gaming
752,Samsung Note 21,Samsung,14835439,12,128,5.5,12MP,6000,Android,4.5,11/13/2020,False,Daily
753,Samsung Note 22,Samsung,4749255,6,64,6.8,12MP,5000,Android,4.4,10/29/2022,False,Daily
754,Samsung Note 22,Samsung,6086585,6,128,6.5,12MP,5000,Android,2.4,12/24/2022,True,Daily
755,Samsung Note 23,Samsung,8749452,6,256,5.5,48MP,4000,Android,3.6,12/30/2023,True,Daily
756,Samsung Note 23,Samsung,24060437,8,512,6.7,48MP,6000,Android,2.4,2019-06-02 00:00:00,False,Daily
757,Samsung Note 25,Samsung,15516033,6,128,6.8,50MP,5000,Android,1.3,2023-09-06 00:00:00,True,Photographer
758,Samsung Note 25,Samsung,9121191,16,64,6.5,12MP,4500,Android,2.9,1/28/2020,True,Gaming
759,Samsung Note 27,Samsung,18589276,12,64,6.1,64MP,4500,Android,3.9,2023-12-03 00:00:00,False,Photographer
760,Samsung Note 28,Samsung,6923289,6,512,5.5,12MP,4000,Android,4.2,7/17/2019,False,Daily
761,Samsung Note 28,Samsung,6659704,8,512,6.7,50MP,4500,Android,2.3,11/29/2022,False,Photographer
762,Samsung Note 29,Samsung,24208109,6,256,6.4,12MP,5000,Android,3.6,8/18/2020,False,Daily
763,Samsung Note 29,Samsung,2453928,8,256,6.8,50MP,5000,Android,3.1,2021-11-04 00:00:00,False,Photographer
764,Samsung Note 5,Samsung,19876000,8,512,6.5,12MP,4000,Android,4.8,2022-09-07 00:00:00,True,Daily
765,Samsung Note 5,Samsung,12619391,4,64,5.5,108MP,4000,Android,1.8,2021-06-02 00:00:00,True,Photographer
766,Samsung Note 6,Samsung,22245436,6,512,6.8,64MP,4500,Android,3.2,5/14/2024,False,Photographer
767,Samsung Note 8,Samsung,9638947,4,128,6.7,12MP,5000,Android,4.0,6/27/2019,False,Daily
768,Samsung Pro 10,Samsung,15654532,4,128,6.5,50MP,4000,Android,2.1,8/25/2023,True,Photographer
769,Samsung Pro 13,Samsung,16550691,4,128,6.7,64MP,5000,Android,3.2,12/27/2023,False,Photographer
770,Samsung Pro 15,Samsung,23057180,4,128,6.8,12MP,6000,Android,2.2,1/31/2022,False,Daily
771,Samsung Pro 17,Samsung,14335313,4,512,6.1,48MP,6000,Android,2.7,2021-10-09 00:00:00,True,Daily
772,Samsung Pro 17,Samsung,3482554,6,512,6.8,50MP,4000,Android,2.7,2024-05-05 00:00:00,True,Photographer
773,Samsung Pro 17,Samsung,17417565,6,256,6.5,48MP,4000,Android,4.9,12/13/2022,False,Daily
774,Samsung Pro 20,Samsung,21950082,16,256,6.5,108MP,4500,Android,2.2,1/19/2021,True,Photographer
775,Samsung Pro 21,Samsung,8342812,12,128,6.4,12MP,4500,Android,3.0,4/28/2022,True,Daily
776,Samsung Pro 21,Samsung,6188913,12,256,6.8,48MP,4500,Android,1.8,1/15/2019,False,Daily
777,Samsung Pro 21,Samsung,12078392,12,64,5.5,64MP,6000,Android,3.2,9/20/2019,True,Photographer
778,Samsung Pro 22,Samsung,21957828,12,128,6.5,12MP,6000,Android,4.1,3/15/2024,True,Gaming
779,Samsung Pro 22,Samsung,18105759,16,64,6.7,12MP,4000,Android,5.0,5/22/2023,True,Daily
780,Samsung Pro 23,Samsung,22315129,8,256,5.5,12MP,4000,Android,4.0,3/21/2024,False,Daily
781,Samsung Pro 25,Samsung,14798198,6,256,6.7,108MP,4000,Android,1.8,5/25/2022,True,Photographer
782,Samsung Pro 25,Samsung,17631617,6,256,6.4,48MP,5000,Android,3.9,2023-10-11 00:00:00,False,Daily
783,Samsung Pro 25,Samsung,21946284,16,64,6.5,12MP,4000,Android,3.9,8/26/2022,True,Daily
784,Samsung Pro 26,Samsung,19431235,4,64,6.1,64MP,5000,Android,4.5,2022-05-05 00:00:00,False,Photographer
785,Samsung Pro 27,Samsung,8078234,16,128,6.1,108MP,5000,Android,3.8,2/28/2024,True,Photographer
786,Samsung Pro 27,Samsung,21828750,8,128,5.5,48MP,6000,Android,2.6,2020-07-08 00:00:00,True,Daily
787,Samsung Pro 29,Samsung,23841161,6,64,6.8,12MP,6000,Android,3.9,2021-12-04 00:00:00,True,Daily
788,Samsung Pro 29,Samsung,22680434,12,128,6.1,108MP,4000,Android,4.0,6/20/2019,True,Photographer
789,Samsung Pro 30,Samsung,8897920,12,512,6.4,108MP,5000,Android,2.8,10/18/2022,True,Photographer
790,Samsung Pro 5,Samsung,8222336,16,64,6.4,48MP,4000,Android,2.8,9/27/2021,True,Daily
791,Samsung Pro 6,Samsung,7226949,12,256,6.8,48MP,6000,Android,2.8,7/22/2023,True,Gaming
792,Samsung Pro 9,Samsung,16099252,6,128,6.8,64MP,4500,Android,3.3,2020-05-06 00:00:00,True,Photographer
793,Samsung Pro 9,Samsung,3240576,4,64,6.4,108MP,6000,Android,2.5,10/14/2021,True,Photographer
794,Samsung Pro 9,Samsung,6833387,6,256,6.8,12MP,6000,Android,4.1,5/16/2019,False,Daily
795,Samsung Ultra 10,Samsung,20134627,12,256,6.5,50MP,6000,Android,3.1,9/20/2023,True,Gaming
796,Samsung Ultra 12,Samsung,19406951,16,512,6.8,108MP,4000,Android,2.9,8/28/2023,True,Photographer
797,Samsung Ultra 14,Samsung,19887641,4,512,6.5,64MP,4500,Android,4.7,1/26/2023,True,Photographer
798,Samsung Ultra 14,Samsung,3984532,8,128,6.4,48MP,6000,Android,4.6,11/22/2022,False,Daily
799,Samsung Ultra 18,Samsung,1524570,8,128,6.8,64MP,5000,Android,2.3,5/16/2023,True,Photographer
800,Samsung Ultra 20,Samsung,4233694,16,256,5.5,64MP,6000,Android,3.7,2021-07-09 00:00:00,False,Photographer
801,Samsung Ultra 20,Samsung,14128594,4,128,6.1,12MP,4000,Android,4.0,12/25/2019,False,Daily
802,Samsung Ultra 24,Samsung,9901631,12,64,6.4,12MP,4500,Android,2.9,2024-07-03 00:00:00,False,Daily
803,Samsung Ultra 25,Samsung,15978806,6,256,6.8,48MP,5000,Android,1.0,8/31/2019,True,Daily
804,Samsung Ultra 26,Samsung,18178686,4,512,6.1,108MP,4000,Android,1.0,7/31/2023,False,Photographer
805,Samsung Ultra 26,Samsung,3237894,8,64,6.8,48MP,5000,Android,4.5,9/17/2023,True,Daily
806,Samsung Ultra 26,Samsung,9632018,16,128,6.7,108MP,6000,Android,1.6,2023-05-02 00:00:00,True,Gaming
807,Samsung Ultra 26,Samsung,18079343,16,512,6.8,50MP,6000,Android,2.2,4/28/2021,False,Gaming
808,Samsung Ultra 26,Samsung,11207804,12,256,6.1,64MP,4000,Android,3.8,2021-10-09 00:00:00,False,Photographer
809,Samsung Ultra 28,Samsung,12168074,4,512,6.1,50MP,6000,Android,4.9,7/26/2021,True,Daily
810,Samsung Ultra 28,Samsung,6627638,4,256,6.5,108MP,6000,Android,4.3,10/18/2020,False,Photographer
811,Samsung Ultra 7,Samsung,1855991,8,128,6.5,64MP,6000,Android,1.8,2023-05-05 00:00:00,False,Photographer
812,Samsung Ultra 8,Samsung,18248769,6,64,6.4,48MP,5000,Android,2.2,2/21/2019,True,Daily
813,Samsung Ultra 9,Samsung,14580784,12,64,6.7,50MP,4000,Android,3.6,2022-07-12 00:00:00,True,Photographer
814,Vivo Max 10,Vivo,15801842,16,128,6.8,50MP,5000,Android,2.6,10/30/2020,True,Gaming
815,Vivo Max 12,Vivo,15990864,16,128,6.8,12MP,4500,Android,1.9,2019-05-09 00:00:00,True,Gaming
816,Vivo Max 13,Vivo,13211798,16,128,6.7,48MP,5000,Android,1.9,2019-01-06 00:00:00,False,Gaming
817,Vivo Max 15,Vivo,14848840,4,64,6.5,48MP,6000,Android,1.3,2020-05-01 00:00:00,False,Daily
818,Vivo Max 16,Vivo,13062991,4,512,6.4,108MP,6000,Android,2.3,2020-02-03 00:00:00,False,Photographer
819,Vivo Max 17,Vivo,23858993,16,64,5.5,108MP,4500,Android,2.3,3/28/2019,False,Photographer
820,Vivo Max 17,Vivo,19336961,6,512,6.5,12MP,4000,Android,3.7,2021-03-04 00:00:00,True,Daily
821,Vivo Max 18,Vivo,12718450,12,256,6.1,48MP,6000,Android,4.4,2/18/2020,True,Daily
822,Vivo Max 20,Vivo,8483654,16,512,6.7,12MP,4500,Android,3.6,2023-01-07 00:00:00,False,Gaming
823,Vivo Max 20,Vivo,24295423,6,64,6.8,12MP,6000,Android,3.6,2019-06-07 00:00:00,False,Daily
824,Vivo Max 20,Vivo,17161206,8,128,5.5,64MP,4000,Android,1.0,2/24/2024,True,Photographer
825,Vivo Max 22,Vivo,6403617,12,64,6.4,12MP,4000,Android,3.2,3/29/2024,True,Daily
826,Vivo Max 22,Vivo,8808804,12,128,6.8,48MP,5000,Android,3.5,2022-12-03 00:00:00,False,Gaming
827,Vivo Max 22,Vivo,24818356,6,128,6.1,108MP,6000,Android,4.8,4/22/2020,False,Photographer
828,Vivo Max 23,Vivo,19306399,6,128,6.4,108MP,6000,Android,1.9,11/27/2022,True,Photographer
829,Vivo Max 23,Vivo,7956105,6,512,5.5,64MP,5000,Android,1.5,2022-12-12 00:00:00,False,Photographer
830,Vivo Max 23,Vivo,22106182,4,64,6.7,48MP,6000,Android,3.0,1/30/2023,True,Daily
831,Vivo Max 25,Vivo,8762609,16,256,6.5,12MP,4000,Android,4.2,2023-03-06 00:00:00,False,Daily
832,Vivo Max 25,Vivo,23656448,16,512,6.8,50MP,4500,Android,1.4,2/28/2022,True,Gaming
833,Vivo Max 28,Vivo,23199905,4,256,5.5,64MP,6000,Android,1.5,2022-09-03 00:00:00,False,Photographer
834,Vivo Max 28,Vivo,8760117,6,512,6.4,108MP,4000,Android,3.9,2022-04-04 00:00:00,True,Photographer
835,Vivo Max 29,Vivo,11754999,8,64,6.5,48MP,4500,Android,1.9,6/21/2019,True,Daily
836,Vivo Max 5,Vivo,11294002,12,512,6.1,64MP,6000,Android,3.5,5/17/2019,False,Photographer
837,Vivo Max 5,Vivo,6438133,16,128,6.5,12MP,4000,Android,3.6,12/30/2021,False,Daily
838,Vivo Max 5,Vivo,23061947,12,128,6.1,108MP,6000,Android,2.2,2019-09-05 00:00:00,True,Photographer
839,Vivo Max 5,Vivo,8852580,4,64,6.5,108MP,5000,Android,2.1,5/14/2023,False,Photographer
840,Vivo Max 7,Vivo,17475120,8,64,6.1,12MP,4500,Android,4.9,2023-07-09 00:00:00,False,Daily
841,Vivo Max 7,Vivo,2076163,12,128,6.5,12MP,5000,Android,3.3,11/25/2020,True,Gaming
842,Vivo Max 7,Vivo,23315535,6,64,6.5,48MP,4500,Android,3.7,6/21/2023,False,Daily
843,Vivo Max 8,Vivo,13461216,12,512,6.4,50MP,4000,Android,4.9,10/25/2021,True,Photographer
844,Vivo Max 9,Vivo,7156708,8,512,6.5,108MP,6000,Android,4.1,5/22/2020,True,Photographer
845,Vivo Max 9,Vivo,5715418,16,256,6.1,48MP,6000,Android,4.7,9/17/2022,False,Gaming
846,Vivo Note 10,Vivo,16942759,4,64,5.5,48MP,4500,Android,4.3,2019-01-09 00:00:00,True,Daily
847,Vivo Note 11,Vivo,9881053,12,128,6.8,50MP,6000,Android,4.8,8/20/2021,False,Gaming
848,Vivo Note 11,Vivo,23523848,8,128,6.7,12MP,4500,Android,3.4,7/25/2021,False,Daily
849,Vivo Note 11,Vivo,20165495,6,256,6.4,48MP,4000,Android,1.5,2023-01-03 00:00:00,False,Daily
850,Vivo Note 12,Vivo,8666064,8,128,6.4,50MP,5000,Android,3.2,3/18/2022,False,Photographer
851,Vivo Note 13,Vivo,3194283,12,256,6.7,64MP,6000,Android,1.5,10/27/2019,True,Gaming
852,Vivo Note 13,Vivo,5219669,16,64,6.8,108MP,6000,Android,3.3,2020-12-10 00:00:00,True,Gaming
853,Vivo Note 16,Vivo,16469521,6,64,6.7,64MP,5000,Android,4.0,3/24/2021,False,Photographer
854,Vivo Note 16,Vivo,1937352,8,64,6.7,108MP,4000,Android,1.7,2/24/2024,False,Photographer
855,Vivo Note 19,Vivo,9701677,16,128,6.5,12MP,5000,Android,4.3,2024-06-06 00:00:00,False,Gaming
856,Vivo Note 20,Vivo,24872568,12,512,5.5,108MP,5000,Android,2.0,2024-05-05 00:00:00,False,Photographer
857,Vivo Note 21,Vivo,17543198,16,512,6.4,48MP,6000,Android,1.4,2019-06-02 00:00:00,True,Gaming
858,Vivo Note 21,Vivo,24642910,4,64,6.4,48MP,4000,Android,3.1,5/22/2021,True,Daily
859,Vivo Note 21,Vivo,11806922,8,512,6.7,50MP,4500,Android,1.3,2019-02-05 00:00:00,False,Photographer
860,Vivo Note 23,Vivo,12680260,12,64,6.5,108MP,4500,Android,4.6,2021-01-09 00:00:00,False,Photographer
861,Vivo Note 24,Vivo,22332523,6,256,6.5,50MP,5000,Android,2.0,6/27/2021,True,Photographer
862,Vivo Note 24,Vivo,7066102,4,128,6.4,50MP,4500,Android,2.4,7/15/2023,True,Photographer
863,Vivo Note 26,Vivo,4781927,4,64,6.4,64MP,6000,Android,3.7,4/16/2023,False,Photographer
864,Vivo Note 7,Vivo,2293427,8,512,6.4,48MP,4500,Android,3.0,2021-05-12 00:00:00,True,Daily
865,Vivo Note 9,Vivo,4770379,4,512,6.8,64MP,4000,Android,3.9,2019-10-06 00:00:00,False,Photographer
866,Vivo Note 9,Vivo,24898026,8,512,6.7,12MP,5000,Android,2.1,2020-10-06 00:00:00,False,Daily
867,Vivo Note 9,Vivo,13689700,4,128,6.4,108MP,4500,Android,2.6,5/22/2023,False,Photographer
868,Vivo Pro 10,Vivo,20530582,8,64,6.7,48MP,4500,Android,2.9,2019-09-12 00:00:00,True,Daily
869,Vivo Pro 10,Vivo,9802276,8,256,6.5,48MP,6000,Android,3.3,6/23/2020,False,Daily
870,Vivo Pro 11,Vivo,8655493,8,64,6.8,64MP,5000,Android,3.9,10/20/2021,False,Photographer
871,Vivo Pro 13,Vivo,16874135,6,64,6.8,64MP,4500,Android,2.9,2020-01-06 00:00:00,False,Photographer
872,Vivo Pro 14,Vivo,24902356,12,64,6.8,12MP,4000,Android,2.7,2/24/2019,False,Daily
873,Vivo Pro 16,Vivo,11048595,6,512,5.5,48MP,4000,Android,2.8,2021-07-06 00:00:00,True,Daily
874,Vivo Pro 16,Vivo,11804628,4,64,6.8,50MP,4500,Android,2.5,10/15/2021,True,Photographer
875,Vivo Pro 16,Vivo,4309809,12,64,5.5,48MP,4000,Android,2.6,2019-07-12 00:00:00,True,Daily
876,Vivo Pro 19,Vivo,14208269,4,512,6.8,50MP,5000,Android,1.3,6/20/2022,False,Photographer
877,Vivo Pro 19,Vivo,21961694,8,64,5.5,48MP,4000,Android,2.3,8/21/2022,False,Daily
878,Vivo Pro 20,Vivo,5942946,4,256,6.7,50MP,4000,Android,1.9,2023-08-02 00:00:00,False,Photographer
879,Vivo Pro 20,Vivo,4335923,16,128,6.8,50MP,4000,Android,4.0,2020-06-01 00:00:00,False,Photographer
880,Vivo Pro 21,Vivo,10116392,4,64,6.5,108MP,5000,Android,4.5,5/27/2023,False,Photographer
881,Vivo Pro 23,Vivo,21423889,6,128,6.7,12MP,6000,Android,2.2,5/15/2019,False,Daily
882,Vivo Pro 23,Vivo,21597718,8,512,6.1,50MP,6000,Android,1.7,2/13/2021,False,Daily
883,Vivo Pro 23,Vivo,16013329,8,128,6.7,108MP,4000,Android,1.2,12/15/2020,False,Photographer
884,Vivo Pro 23,Vivo,20603075,8,64,6.7,12MP,4500,Android,3.8,2024-03-04 00:00:00,False,Daily
885,Vivo Pro 24,Vivo,18966488,16,512,6.8,50MP,5000,Android,2.5,11/23/2020,False,Gaming
886,Vivo Pro 25,Vivo,14702665,6,512,5.5,48MP,5000,Android,4.8,2021-04-08 00:00:00,True,Daily
887,Vivo Pro 27,Vivo,21281333,8,512,5.5,48MP,5000,Android,4.1,2023-09-01 00:00:00,True,Daily
888,Vivo Pro 28,Vivo,17888050,8,512,6.1,48MP,4000,Android,1.4,2019-04-07 00:00:00,False,Daily
889,Vivo Pro 28,Vivo,21738855,16,256,6.1,108MP,6000,Android,2.1,2023-02-11 00:00:00,True,Photographer
890,Vivo Pro 28,Vivo,2569620,12,512,6.8,64MP,4000,Android,4.7,2023-10-05 00:00:00,True,Photographer
891,Vivo Pro 29,Vivo,21417593,4,64,6.5,12MP,6000,Android,1.8,2022-02-04 00:00:00,True,Daily
892,Vivo Pro 29,Vivo,7297723,12,256,6.7,50MP,4000,Android,1.4,2024-05-04 00:00:00,False,Photographer
893,Vivo Pro 30,Vivo,19926034,16,64,6.5,64MP,5000,Android,1.5,2024-02-01 00:00:00,True,Gaming
894,Vivo Pro 5,Vivo,4970315,4,256,6.1,12MP,4000,Android,2.2,1/25/2021,True,Daily
895,Vivo Pro 5,Vivo,18250821,6,64,6.5,108MP,6000,Android,3.6,7/25/2022,True,Photographer
896,Vivo Pro 6,Vivo,7113981,8,64,6.1,48MP,4500,Android,3.6,2019-01-09 00:00:00,True,Daily
897,Vivo Pro 7,Vivo,8933014,12,128,6.5,50MP,4000,Android,1.4,11/23/2020,True,Photographer
898,Vivo Ultra 12,Vivo,20788853,16,512,6.1,108MP,5000,Android,4.5,6/29/2020,False,Photographer
899,Vivo Ultra 13,Vivo,9089429,6,512,6.8,48MP,6000,Android,1.1,11/19/2022,True,Daily
900,Vivo Ultra 13,Vivo,16249626,6,512,6.7,50MP,4000,Android,3.7,2023-02-03 00:00:00,True,Photographer
901,Vivo Ultra 14,Vivo,2671752,16,512,6.8,50MP,5000,Android,1.2,10/14/2020,True,Gaming
902,Vivo Ultra 15,Vivo,2185359,16,256,6.5,50MP,5000,Android,4.7,2/24/2022,True,Gaming
903,Vivo Ultra 15,Vivo,10385010,12,128,6.7,48MP,4500,Android,4.8,2019-05-10 00:00:00,True,Daily
904,Vivo Ultra 18,Vivo,24425431,16,256,6.7,108MP,5000,Android,2.5,6/21/2023,False,Gaming
905,Vivo Ultra 18,Vivo,24088342,6,128,6.5,48MP,5000,Android,4.6,12/22/2023,True,Daily
906,Vivo Ultra 18,Vivo,18228986,4,128,6.5,108MP,6000,Android,4.9,6/27/2020,True,Photographer
907,Vivo Ultra 20,Vivo,5340081,4,64,6.4,12MP,4000,Android,4.7,2020-04-05 00:00:00,False,Daily
908,Vivo Ultra 20,Vivo,17669319,16,256,6.4,48MP,4500,Android,3.5,2023-08-12 00:00:00,False,Gaming
909,Vivo Ultra 20,Vivo,13351314,16,64,6.8,50MP,6000,Android,3.4,4/28/2022,True,Gaming
910,Vivo Ultra 22,Vivo,24192734,4,128,6.1,64MP,6000,Android,1.8,2024-05-04 00:00:00,True,Photographer
911,Vivo Ultra 23,Vivo,18788759,12,128,6.7,64MP,5000,Android,1.9,2/29/2020,False,Gaming
912,Vivo Ultra 25,Vivo,21541669,6,64,6.7,64MP,4500,Android,4.6,2021-03-07 00:00:00,False,Photographer
913,Vivo Ultra 25,Vivo,9472567,6,128,5.5,50MP,5000,Android,1.8,8/22/2020,False,Daily
914,Vivo Ultra 27,Vivo,15270203,16,512,6.4,12MP,4000,Android,1.3,2022-03-03 00:00:00,False,Daily
915,Vivo Ultra 29,Vivo,10382846,16,256,6.4,12MP,4000,Android,1.1,10/21/2020,True,Daily
916,Vivo Ultra 5,Vivo,17650455,16,64,6.5,64MP,4000,Android,1.9,2022-05-12 00:00:00,True,Photographer
917,Vivo Ultra 5,Vivo,24422921,6,64,6.5,64MP,5000,Android,2.0,2022-04-04 00:00:00,False,Photographer
918,Vivo Ultra 5,Vivo,9927049,6,64,5.5,50MP,6000,Android,1.4,8/22/2023,False,Daily
919,Vivo Ultra 7,Vivo,19779688,16,512,6.7,50MP,4000,Android,2.5,2019-12-05 00:00:00,True,Photographer
920,Vivo Ultra 7,Vivo,15015792,12,256,6.7,108MP,5000,Android,1.2,4/22/2020,False,Gaming
921,Vivo Ultra 7,Vivo,18009641,6,256,6.1,108MP,4000,Android,1.7,1/31/2023,False,Photographer
922,Xiaomi Max 10,Xiaomi,17638872,16,128,6.8,48MP,6000,Android,4.5,2019-07-07 00:00:00,True,Gaming
923,Xiaomi Max 11,Xiaomi,24988565,8,512,6.1,48MP,5000,Android,1.7,5/23/2019,False,Daily
924,Xiaomi Max 18,Xiaomi,8048529,4,512,6.4,48MP,4500,Android,2.7,11/27/2020,False,Daily
925,Xiaomi Max 18,Xiaomi,12420823,16,128,5.5,108MP,4500,Android,2.0,11/29/2020,True,Photographer
926,Xiaomi Max 19,Xiaomi,24572446,4,128,6.4,108MP,5000,Android,3.0,12/13/2019,True,Photographer
927,Xiaomi Max 19,Xiaomi,8635712,16,128,6.1,64MP,4000,Android,3.3,2021-03-05 00:00:00,False,Photographer
928,Xiaomi Max 20,Xiaomi,8671699,8,512,6.4,108MP,6000,Android,2.4,2023-04-05 00:00:00,False,Photographer
929,Xiaomi Max 20,Xiaomi,8821294,8,64,6.5,64MP,4500,Android,2.7,6/14/2023,True,Photographer
930,Xiaomi Max 21,Xiaomi,13963423,4,256,6.8,64MP,4000,Android,1.5,8/24/2023,True,Photographer
931,Xiaomi Max 21,Xiaomi,7767626,12,512,6.4,108MP,6000,Android,4.5,10/29/2022,True,Photographer
932,Xiaomi Max 22,Xiaomi,14451135,8,256,6.1,48MP,4000,Android,3.4,7/13/2019,True,Daily
933,Xiaomi Max 24,Xiaomi,17203595,16,128,6.4,50MP,4500,Android,4.3,2019-10-09 00:00:00,True,Gaming
934,Xiaomi Max 24,Xiaomi,22483365,6,64,5.5,12MP,5000,Android,2.8,2/21/2024,False,Daily
935,Xiaomi Max 28,Xiaomi,2509727,12,128,6.8,48MP,6000,Android,3.2,3/14/2024,True,Gaming
936,Xiaomi Max 29,Xiaomi,14095432,8,512,6.1,48MP,4000,Android,3.8,8/15/2023,False,Daily
937,Xiaomi Max 9,Xiaomi,12963591,16,512,6.1,108MP,4500,Android,2.4,2/14/2024,True,Photographer
938,Xiaomi Note 10,Xiaomi,18099719,8,512,6.7,12MP,4000,Android,1.0,2021-04-10 00:00:00,False,Daily
939,Xiaomi Note 11,Xiaomi,3400434,12,64,6.7,108MP,4000,Android,4.0,2020-01-06 00:00:00,False,Photographer
940,Xiaomi Note 13,Xiaomi,11559235,12,512,6.8,12MP,5000,Android,2.7,10/23/2022,True,Gaming
941,Xiaomi Note 16,Xiaomi,12326361,12,512,6.4,108MP,5000,Android,3.6,3/23/2020,True,Photographer
942,Xiaomi Note 17,Xiaomi,24092656,4,256,6.7,48MP,4500,Android,3.8,10/17/2022,True,Daily
943,Xiaomi Note 17,Xiaomi,12560660,6,512,6.8,48MP,6000,Android,1.4,11/29/2020,True,Daily
944,Xiaomi Note 18,Xiaomi,3797812,16,128,6.8,50MP,6000,Android,3.6,2019-07-03 00:00:00,True,Gaming
945,Xiaomi Note 18,Xiaomi,8785589,4,64,6.1,48MP,6000,Android,1.0,2024-10-04 00:00:00,True,Daily
946,Xiaomi Note 18,Xiaomi,16961787,8,512,5.5,48MP,5000,Android,4.7,10/20/2019,True,Daily
947,Xiaomi Note 18,Xiaomi,23502316,12,64,5.5,108MP,5000,Android,3.3,12/21/2021,True,Photographer
948,Xiaomi Note 19,Xiaomi,14507246,12,128,6.8,108MP,4500,Android,3.7,12/21/2021,True,Photographer
949,Xiaomi Note 21,Xiaomi,1841971,6,64,6.1,12MP,6000,Android,3.7,2019-05-08 00:00:00,True,Daily
950,Xiaomi Note 21,Xiaomi,13519693,6,256,6.7,64MP,6000,Android,2.9,11/17/2021,False,Photographer
951,Xiaomi Note 23,Xiaomi,13305789,4,512,6.4,12MP,5000,Android,4.0,2023-01-08 00:00:00,True,Daily
952,Xiaomi Note 26,Xiaomi,10910184,4,64,6.7,50MP,4500,Android,3.8,2022-10-04 00:00:00,True,Photographer
953,Xiaomi Note 26,Xiaomi,4712132,6,64,6.4,64MP,4000,Android,2.2,11/20/2023,False,Photographer
954,Xiaomi Note 26,Xiaomi,6603944,6,512,6.7,12MP,4000,Android,2.2,11/25/2022,False,Daily
955,Xiaomi Note 26,Xiaomi,22410487,12,512,6.7,48MP,4500,Android,3.1,10/19/2020,False,Daily
956,Xiaomi Note 27,Xiaomi,1722987,12,512,6.7,48MP,4500,Android,3.9,2019-05-12 00:00:00,False,Daily
957,Xiaomi Note 28,Xiaomi,24039907,6,128,5.5,48MP,4500,Android,2.9,12/25/2022,True,Daily
958,Xiaomi Note 28,Xiaomi,19172150,16,256,6.8,48MP,5000,Android,1.4,3/15/2023,False,Gaming
959,Xiaomi Note 6,Xiaomi,3564421,6,512,6.8,12MP,4000,Android,2.4,11/21/2021,True,Daily
960,Xiaomi Note 9,Xiaomi,18215765,12,256,6.4,64MP,6000,Android,2.1,2024-08-04 00:00:00,True,Photographer
961,Xiaomi Pro 10,Xiaomi,24004211,6,64,6.4,48MP,6000,Android,2.2,2/23/2020,False,Daily
962,Xiaomi Pro 10,Xiaomi,15532190,16,128,6.5,48MP,6000,Android,4.1,5/22/2021,False,Gaming
963,Xiaomi Pro 17,Xiaomi,24709767,8,512,6.4,48MP,4500,Android,4.5,2021-11-08 00:00:00,False,Daily
964,Xiaomi Pro 18,Xiaomi,8777003,8,64,5.5,50MP,4000,Android,1.5,6/23/2019,True,Daily
965,Xiaomi Pro 19,Xiaomi,14696451,16,512,6.8,64MP,6000,Android,4.8,11/21/2022,True,Gaming
966,Xiaomi Pro 19,Xiaomi,7233255,6,128,6.7,64MP,4000,Android,2.2,8/13/2023,True,Photographer
967,Xiaomi Pro 20,Xiaomi,22884761,8,64,6.8,12MP,6000,Android,3.9,2019-09-09 00:00:00,True,Daily
968,Xiaomi Pro 21,Xiaomi,16239610,6,128,6.1,108MP,5000,Android,4.1,2021-04-04 00:00:00,False,Photographer
969,Xiaomi Pro 21,Xiaomi,23834566,12,512,6.1,50MP,5000,Android,2.3,2022-11-02 00:00:00,True,Daily
970,Xiaomi Pro 23,Xiaomi,2229648,4,128,5.5,50MP,4000,Android,3.0,3/15/2021,False,Daily
971,Xiaomi Pro 24,Xiaomi,1672124,8,512,6.4,108MP,4000,Android,3.5,12/23/2021,False,Photographer
972,Xiaomi Pro 27,Xiaomi,23735377,8,256,5.5,64MP,4500,Android,1.2,9/21/2022,True,Photographer
973,Xiaomi Pro 28,Xiaomi,19509456,16,512,6.8,108MP,5000,Android,2.9,2021-04-01 00:00:00,True,Gaming
974,Xiaomi Pro 29,Xiaomi,17070709,16,256,6.8,50MP,5000,Android,3.2,1/24/2024,True,Gaming
975,Xiaomi Pro 30,Xiaomi,6801592,12,512,6.8,50MP,4500,Android,1.1,2019-10-08 00:00:00,True,Photographer
976,Xiaomi Pro 8,Xiaomi,3831230,12,128,6.1,12MP,5000,Android,4.3,8/19/2021,False,Daily
977,Xiaomi Ultra 10,Xiaomi,20617618,8,128,6.4,64MP,5000,Android,1.8,2024-08-02 00:00:00,False,Photographer
978,Xiaomi Ultra 11,Xiaomi,13832487,12,256,6.4,50MP,5000,Android,4.9,2019-10-10 00:00:00,False,Photographer
979,Xiaomi Ultra 12,Xiaomi,10449575,6,512,6.8,12MP,4000,Android,1.6,3/28/2019,False,Daily
980,Xiaomi Ultra 14,Xiaomi,12797728,12,128,5.5,64MP,4500,Android,3.3,2021-02-03 00:00:00,False,Photographer
981,Xiaomi Ultra 15,Xiaomi,10126023,4,256,5.5,12MP,6000,Android,1.3,2019-01-01 00:00:00,True,Daily
982,Xiaomi Ultra 16,Xiaomi,14824399,8,256,6.4,50MP,6000,Android,3.5,2021-07-03 00:00:00,False,Photographer
983,Xiaomi Ultra 18,Xiaomi,20662668,8,128,6.8,50MP,4500,Android,4.8,12/15/2023,True,Photographer
984,Xiaomi Ultra 19,Xiaomi,11064818,8,512,6.1,64MP,4000,Android,4.2,5/22/2019,True,Photographer
985,Xiaomi Ultra 19,Xiaomi,13360094,12,64,6.5,108MP,5000,Android,4.5,9/29/2023,True,Gaming
986,Xiaomi Ultra 19,Xiaomi,16720118,6,256,5.5,12MP,4500,Android,2.6,2022-01-03 00:00:00,True,Daily
987,Xiaomi Ultra 20,Xiaomi,6867923,8,64,6.8,64MP,4000,Android,4.4,4/22/2023,True,Photographer
988,Xiaomi Ultra 21,Xiaomi,1681883,6,256,5.5,108MP,6000,Android,1.8,2021-05-08 00:00:00,True,Photographer
989,Xiaomi Ultra 21,Xiaomi,16823532,16,512,6.5,50MP,6000,Android,4.4,3/18/2022,False,Gaming
990,Xiaomi Ultra 24,Xiaomi,14489528,6,128,6.7,48MP,5000,Android,3.8,12/19/2019,True,Daily
991,Xiaomi Ultra 24,Xiaomi,21791061,8,256,6.8,12MP,4000,Android,1.1,2019-01-05 00:00:00,False,Daily
992,Xiaomi Ultra 25,Xiaomi,24946717,6,64,6.1,50MP,4000,Android,3.5,1/23/2021,True,Daily
993,Xiaomi Ultra 26,Xiaomi,21276331,12,128,6.8,12MP,4000,Android,3.6,3/18/2022,True,Daily
994,Xiaomi Ultra 27,Xiaomi,10816378,4,64,5.5,50MP,5000,Android,1.1,9/14/2023,True,Daily
995,Xiaomi Ultra 28,Xiaomi,21661360,4,512,6.4,12MP,4500,Android,3.8,1/22/2024,False,Daily
996,Xiaomi Ultra 29,Xiaomi,5711486,6,512,6.1,64MP,6000,Android,2.2,2/16/2019,False,Photographer
997,Xiaomi Ultra 5,Xiaomi,8209176,4,512,6.8,64MP,4500,Android,3.4,3/13/2024,True,Photographer
998,Xiaomi Ultra 6,Xiaomi,22461611,6,512,6.4,12MP,4500,Android,3.7,5/15/2021,True,Daily
999,Xiaomi Ultra 7,Xiaomi,9979176,6,64,6.7,48MP,4500,Android,2.0,2024-06-02 00:00:00,False,Daily
1000,Xiaomi Ultra 9,Xiaomi,22493489,4,128,6.1,64MP,4000,Android,4.9,10/26/2019,True,Photographer
